id	name	sent
41001	Baker	0.73112544728
41003	Benton	0.559542821524
41005	Clackamas	0.509420104424
41007	Clatsop	0.476350959414
41009	Columbia	0.607043594334
41011	Coos	0.565497152325
41013	Crook	0.490255853506
41015	Curry	0.382567032244
41017	Deschutes	0.558826434909
41019	Douglas	0.522754370608
41021	Gilliam	0.0
41027	Hood River	0.519111888548
41029	Jackson	0.518412515251
41031	Jefferson	0.0
41033	Josephine	0.55468705167
41035	Klamath	0.634589896092
41037	Lake	0.0
41039	Lane	0.54635709718
41041	Lincoln	0.556776063792
41043	Linn	0.534217658133
41045	Malheur	0.479901981956
41047	Marion	0.511993417506
41049	Morrow	0.0
41051	Multnomah	0.54721826307
41053	Polk	0.497092195742
41055	Sherman	0.0
41057	Tillamook	0.505382210473
41059	Umatilla	0.476295838384
41061	Union	0.626832183436
41065	Wasco	0.0
41067	Washington	0.507142429778
41071	Yamhill	0.54160026261
13099	Early	0.484663675005
20193	Thomas	0.0
9009	New Haven	0.511102258204
30075	Powder River	0.0
13101	Echols	0.0
33001	Belknap	0.480980454457
33003	Carroll	0.57009088084
33005	Cheshire	0.517109461605
3002	Mulege, Baja California Sur	0.0
33007	Coos	0.593571967942
33009	Grafton	0.55955513959
33011	Hillsborough	0.565235382974
33013	Merrimack	0.526228111402
33015	Rockingham	0.502568900728
33017	Strafford	0.55234854527
33019	Sullivan	0.584116883926
18013	Brown	0.627255012394
27015	Brown	0.49490095559
17195	Whiteside	0.495074872124
54021	Gilmer	0.0
12013	Calhoun	0.0
54023	Grant	0.0
20199	Wallace	0.0
13107	Emanuel	0.395123040561
17199	Williamson	0.522470922381
25001	Ahome, Sinaloa	0.59245247227
25003	Berkshire	0.580634710414
21225	Union	0.512956698988
25005	Bristol	0.49694087882
25007	Dukes	0.318266296077
25009	Essex	0.509604055117
25011	Franklin	0.453186357403
25013	Hampden	0.499129661772
25015	Hampshire	0.545639473558
25017	Middlesex	0.532598757624
25019	Nantucket	0.0
25021	Norfolk	0.525673157029
25023	Plymouth	0.507094214092
25025	Suffolk	0.570039130326
25027	Worcester	0.526588505675
29203	Shannon	0.0
13109	Evans	0.0
11001	District of Columbia	0.571640708198
19195	Worth	0.0
5077	Lee	0.0
17203	Woodford	0.52975995369
5107	Phillips	0.0
54029	Hancock	0.493651966689
22115	Vernon	0.444388224846
54031	Hardy	0.527231488795
17001	Adams	0.513559309731
17003	Alexander	0.0
17005	Bond	0.619115215284
17007	Boone	0.49384010055
17011	Bureau	0.580684007853
21025	Breathitt	0.537853175702
17015	Carroll	0.0
17017	Cass	0.627027267026
17019	Champaign	0.537926190369
17021	Christian	0.579154635855
17023	Clark	0.615572043507
13043	Candler	0.0
17025	Clay	0.0
17027	Clinton	0.456710661936
17029	Coles	0.583941216164
17031	Cook	0.549979014375
17033	Crawford	0.587915436612
17035	Cumberland	0.0
17037	DeKalb	0.552508873728
17039	De Witt	0.646511048683
17041	Douglas	0.437741466952
17043	DuPage	0.555907548738
17045	Edgar	0.634088587542
17047	Edwards	0.0
17049	Effingham	0.638176770488
17051	Fayette	0.819431086829
17053	Ford	0.0
17055	Franklin	0.580905018638
17057	Fulton	0.0
17059	Gallatin	0.0
17061	Greene	0.0
17063	Grundy	0.602339107864
17067	Hancock	0.570441337355
17073	Henry	0.466437012215
17075	Iroquois	0.352899910255
17077	Jackson	0.494234459742
17081	Jefferson	0.512689322588
17083	Jersey	0.618243594199
17085	Jo Daviess	0.558745195202
17089	Kane	0.524399041095
17091	Kankakee	0.547191504791
17093	Kendall	0.511354126534
17095	Knox	0.565162112018
17097	Lake	0.538560031594
17099	La Salle	0.465721945076
17101	Lawrence	0.479169645292
17103	Lee	0.505719017234
17105	Livingston	0.398259902049
17107	Logan	0.577331782111
17109	McDonough	0.529859628418
17111	McHenry	0.584538222492
17113	McLean	0.508495860093
17115	Macon	0.565211435357
17117	Macoupin	0.415615382397
17119	Madison	0.501891629587
17121	Marion	0.470333822286
17125	Mason	0.941545302164
17127	Massac	0.0
17129	Menard	0.0
17131	Mercer	0.596684199335
17133	Monroe	0.603778355143
17135	Montgomery	0.597533583796
17137	Morgan	0.428819831472
17139	Moultrie	0.512675083801
17141	Ogle	0.47517482595
17143	Peoria	0.502056512984
17145	Perry	0.442425269184
17147	Piatt	0.493641734647
17149	Pike	0.0
13119	Franklin	0.444602041884
17157	Randolph	0.0
17159	Richland	0.565387291586
17161	Rock Island	0.517690922239
17163	St. Clair	0.516151979923
17165	Saline	0.56048721451
17167	Sangamon	0.479114246991
17169	Schuyler	0.0
17171	Scott	0.0
17173	Shelby	0.570811496545
17175	Stark	0.0
17177	Stephenson	0.5195718265
17179	Tazewell	0.45277307304
17181	Union	0.0
17183	Vermilion	0.418241754322
17185	Wabash	0.0
17187	Warren	0.521140223382
17189	Washington	0.0
17191	Wayne	0.0
9001	Fairfield	0.534368692181
9003	Hartford	0.537827249902
9005	Litchfield	0.493735896943
9007	Middlesex	0.511842309699
17201	Winnebago	0.50037927319
9011	New London	0.54169411619
9013	Tolland	0.505120061538
9015	Windham	0.489331462007
29215	Texas	0.0
50001	Addison	0.596789808111
50003	Bennington	0.437176649393
50005	Caledonia	0.406546643125
50007	Chittenden	0.553950148618
50009	Essex	0.0
50011	Franklin	0.581200250939
50013	Grand Isle	0.0
50015	Lamoille	0.500019565964
50017	Orange	0.0
50019	Orleans	0.638568301952
50021	Rutland	0.573682895794
50023	Washington	0.508121474923
50025	Windham	0.568376341815
50027	Windsor	0.53370843856
54071	Pendleton	0.0
13125	Glascock	0.0
22127	Winn	0.0
1001	Autauga	0.504609275591
1003	Baldwin	0.520801931718
1005	Barbour	0.314977722521
1007	Bibb	0.598376553738
1009	Blount	0.460837464474
1011	Bullock	0.528546167344
1013	Butler	0.646172051882
1015	Calhoun	0.507765028967
1017	Chambers	0.490908112522
1019	Cherokee	0.570060396752
1021	Chilton	0.484385506328
1023	Choctaw	0.468485035983
1025	Clarke	0.0
1027	Clay	0.440947134776
1029	Cleburne	0.66451505668
1031	Coffee	0.566658905005
1033	Colbert	0.506095385643
1035	Conecuh	0.539321001299
1037	Coosa	0.548594240577
1039	Covington	0.311094780593
42001	Adams	0.536445816746
1043	Cullman	0.461863587661
1045	Dale	0.532506754943
42007	Beaver	0.508173808505
42009	Bedford	0.490679615041
1051	Elmore	0.54364989527
42013	Blair	0.490982916051
42015	Bradford	0.549282992166
42017	Bucks	0.533938714169
42019	Butler	0.530146084619
1061	Geneva	0.49941693645
42023	Cameron	0.548256024819
42025	Carbon	0.476289686517
42027	Centre	0.548080813832
1069	Houston	0.494536397235
42031	Clarion	0.491653183628
1073	Jefferson	0.522416789575
42035	Clinton	0.488295770426
42037	Columbia	0.552563473134
1079	Lawrence	0.502735716712
42041	Cumberland	0.564245333447
42043	Dauphin	0.557898555671
42045	Delaware	0.532067825891
1087	Macon	0.450329382653
54047	McDowell	0.230771001912
42049	Erie	0.512347194499
1091	Marengo	0.0
1093	Marion	0.439726194235
1095	Marshall	0.586307979557
1097	Mobile	0.507287807562
1099	Monroe	0.590684171058
1101	Montgomery	0.483906916076
1103	Morgan	0.496729684993
42065	Jefferson	0.581825625835
1107	Pickens	0.720446056907
1109	Pike	0.49364972369
42071	Lancaster	0.553474676135
1113	Russell	0.469709883352
1115	St. Clair	0.516745898958
42077	Lehigh	0.4902367085
42079	Luzerne	0.546837134028
42081	Lycoming	0.516684441766
1123	Tallapoosa	0.476728971481
42085	Mercer	0.489914995328
1127	Walker	0.493017101419
42089	Monroe	0.514065588109
13131	Grady	0.702469030817
42091	Montgomery	0.545562185207
42093	Montour	0.0
42095	Northampton	0.524353130555
42097	Northumberland	0.485299892572
42099	Perry	0.35057626441
42101	Philadelphia	0.532640129897
42103	Pike	0.482804933004
42105	Potter	0.0
42107	Schuylkill	0.475690043114
42109	Snyder	0.515362943847
42111	Somerset	0.483561125239
42115	Susquehanna	0.49340577644
42117	Tioga	0.417703413914
42119	Union	0.627005866371
42121	Venango	0.455684704383
42123	Warren	0.621689369332
42125	Washington	0.499731269873
42127	Wayne	0.535142048345
42129	Westmoreland	0.532290977859
42131	Wyoming	0.512150160107
42133	York	0.538621491052
48229	Hudspeth	0.400407563983
17193	White	0.0
40139	Texas	0.478538206968
8043	Fremont	0.0
36015	Chemung	0.498861808528
34001	Atlantic	0.528224191423
34003	Bergen	0.535914297988
34005	Burlington	0.543363557265
34007	Camden	0.526871636475
34009	Cape May	0.507162442401
34011	Cumberland	0.507130469683
34013	Essex	0.531510652398
34015	Gloucester	0.529544523876
34017	Hudson	0.567898934082
34019	Hunterdon	0.470137585824
34021	Mercer	0.499127738156
34023	Middlesex	0.538753796726
34025	Monmouth	0.53349270626
34027	Morris	0.562296272203
6043	Mariposa	0.0
34029	Ocean	0.53442073012
34031	Passaic	0.503825593818
34033	Salem	0.496445618608
34035	Somerset	0.546473196564
34037	Sussex	0.497986599064
34039	Union	0.507717725246
34041	Warren	0.520028737004
48127	Dimmit	0.435692066066
48007	Aransas	0.0
54055	Mercer	0.470487776729
48327	Menard	0.0
37143	Perquimans	0.555431493703
20031	Coffey	0.435668487943
13139	Hall	0.510698028954
27051	Grant	0.0
6047	Merced	0.524822859596
54057	Mineral	0.403510069004
48329	Midland	0.474830951044
26002	Agua Prieta, Sonora	0.0
26003	Alamos, Sonora	0.0
26005	Allegan	0.573955881589
26007	Alpena	0.52877333931
26009	Antrim	0.0
26011	Arenac	0.423324087991
26013	Banamichi, Sonora	0.0
26015	Barry	0.52054374272
26017	Bay	0.540044680998
26018	Cajeme, Sonora	0.627615742477
26019	Cananea, Sonora	0.582726395642
26021	Berrien	0.514228100798
26023	Branch	0.569808077522
26025	Calhoun	0.514252046801
26027	Cass	0.514135148109
26028	Granados, Sonora	0.0
26029	Charlevoix	0.593173725098
26030	Hermosillo, Sonora	0.614525040884
26031	Cheboygan	0.0
26033	Chippewa	0.573991987127
26035	Clare	0.47248960119
26036	Magdalena, Sonora	0.60586531633
26037	Clinton	0.590879393079
26038	Moctezuma, Sonora	0.0
26039	Crawford	0.0
26041	Delta	0.503947392602
26042	Navojoa, Sonora	0.700881846882
26043	Nogales, Sonora	0.599126514285
26045	Eaton	0.517253172392
26047	Emmet	0.488388688851
26048	Puerto Penasco, Sonora	0.0
26049	Genesee	0.51424119436
26053	Gogebic	0.615687628213
26055	Grand Traverse	0.543151081364
26057	Gratiot	0.471318760746
26058	Santa Ana, Sonora	0.620948525138
26059	Hillsdale	0.50617074979
26061	Houghton	0.553604059861
26063	Huron	0.617274495787
26065	Ingham	0.534802724306
26066	Ures, Sonora	0.0
26067	Ionia	0.466012866928
26069	Iosco	0.534593981953
26073	Isabella	0.513886682702
26075	Jackson	0.493569414279
26077	Kalamazoo	0.506209722014
26079	Kalkaska	0.0
26081	Kent	0.509523695247
54075	Pocahontas	0.0
26085	Lake	0.0
26087	Lapeer	0.507056789614
26089	Leelanau	0.646676341324
26091	Lenawee	0.499044202031
26093	Livingston	0.523162772619
26095	Luce	0.0
26097	Mackinac	0.405552151943
26099	Macomb	0.512875361605
26101	Manistee	0.604099972275
26103	Marquette	0.492389770273
26105	Mason	0.515973049786
26107	Mecosta	0.514304179714
26109	Menominee	0.522290892871
26111	Midland	0.562190856111
26113	Missaukee	0.0
26115	Monroe	0.536993521935
26117	Montcalm	0.609173206426
26119	Montmorency	0.0
26121	Muskegon	0.500553531309
26123	Newaygo	0.595505403041
26125	Oakland	0.549167472992
26127	Oceana	0.445884877583
26129	Ogemaw	0.498943285474
26133	Osceola	0.360748489857
26137	Otsego	0.0
26139	Ottawa	0.510337396033
26141	Presque Isle	0.0
40151	Woods	0.460522266276
26143	Roscommon	0.600990136236
26145	Saginaw	0.57744533152
26147	St. Clair	0.533916116068
26149	St. Joseph	0.542087711824
26151	Sanilac	0.550247343708
26153	Schoolcraft	0.424273849836
26155	Shiawassee	0.45041820958
26157	Tuscola	0.480828450915
48335	Mitchell	0.640508037047
26159	Van Buren	0.50387383504
26161	Washtenaw	0.542883780819
26163	Wayne	0.514187552379
26165	Wexford	0.370310062673
37131	Northampton	0.0
18001	Adams	0.594676292251
18003	Allen	0.517252794642
18005	Bartholomew	0.588082433969
18009	Blackford	0.511370843807
18011	Boone	0.450529641616
54065	Morgan	0.587337324441
18015	Carroll	0.0
18017	Cass	0.460070786488
18019	Clark	0.526222485871
18021	Clay	0.540995596735
18023	Clinton	0.528088786287
18025	Crawford	0.0
48337	Montague	0.0
18027	Daviess	0.527967559641
18029	Dearborn	0.505282476892
18031	Decatur	0.452922219315
18033	DeKalb	0.584991104217
21059	Daviess	0.474137641377
18035	Delaware	0.535523368429
18037	Dubois	0.659488073871
18039	Elkhart	0.53340149815
18041	Fayette	0.0
18043	Floyd	0.498637030018
39063	Hancock	0.584600878936
18045	Fountain	0.474323919185
18047	Franklin	0.499548989677
18049	Fulton	0.418492214387
18051	Gibson	0.670408900141
18053	Grant	0.478215133205
18055	Greene	0.615783255983
18057	Hamilton	0.552799496924
18059	Hancock	0.588396463492
18061	Harrison	0.484039769352
18063	Hendricks	0.552535050614
18065	Henry	0.466631061994
18067	Howard	0.544581738115
18069	Huntington	0.555075670474
18071	Jackson	0.525885394026
18073	Jasper	0.506901351135
18075	Jay	0.499587131534
18077	Jefferson	0.508019614757
18079	Jennings	0.519794843376
18081	Johnson	0.548525246769
18083	Knox	0.442658373343
18085	Kosciusko	0.528903054288
18087	LaGrange	0.524550514475
18089	Lake	0.492958870843
18091	LaPorte	0.448769485942
18093	Lawrence	0.580634948932
18095	Madison	0.54039151391
18097	Marion	0.535683756517
18099	Marshall	0.559106385757
18101	Martin	0.0
18103	Miami	0.487695739235
18105	Monroe	0.539673209929
18107	Montgomery	0.554512984272
18109	Morgan	0.438568848354
48067	Cass	0.433498902155
18111	Newton	0.518116118523
18113	Noble	0.455281815903
18117	Orange	0.560114027807
48241	Jasper	0.426158200798
18119	Owen	0.680219664256
18121	Parke	0.0
18123	Perry	0.0
18125	Pike	0.533580018113
18127	Porter	0.552510702896
18129	Posey	0.347709375293
18131	Pulaski	0.0
18133	Putnam	0.628194077757
18135	Randolph	0.569596329132
18137	Ripley	0.55937712421
18139	Rush	0.475384073004
18141	St. Joseph	0.507352320727
18143	Scott	0.401189583964
18145	Shelby	0.44523878138
42067	Juniata	0.565676779157
18147	Spencer	0.0
18149	Starke	0.0
18151	Steuben	0.488182198497
18153	Sullivan	0.670997838187
18155	Switzerland	0.0
18157	Tippecanoe	0.549782736469
18159	Tipton	0.635823947314
18161	Union	0.0
18163	Vanderburgh	0.490319897074
18165	Vermillion	0.0
18167	Vigo	0.536297482848
18169	Wabash	0.482606729713
18171	Warren	0.0
18173	Warrick	0.460653800052
18175	Washington	0.603081115574
18177	Wayne	0.542724572148
18179	Wells	0.550831608747
18181	White	0.567212769152
18183	Whitley	0.565296973156
10001	Kent	0.482107945385
10003	New Castle	0.50485640728
10005	Sussex	0.49540038058
51001	Accomack	0.451792615326
51003	Albemarle	0.548096751064
51005	Alleghany	0.388928930569
51007	Amelia	0.584509817503
51009	Amherst	0.55182108187
51011	Appomattox	0.431145171339
51013	Arlington	0.601444992031
51015	Augusta	0.48967721162
51017	Bath	0.491425996488
51019	Bedford	0.548245631088
54073	Pleasants	0.34634790196
51023	Botetourt	0.381457971677
51025	Brunswick	0.470958584146
51027	Buchanan	0.611198127013
51029	Buckingham	0.307088604795
51031	Campbell	0.508825365074
51033	Caroline	0.573824327928
51035	Carroll	0.507511391051
51036	Charles City	0.0
51037	Charlotte	0.0
51041	Chesterfield	0.519125739303
51043	Clarke	0.472121098629
51045	Craig	0.0
51047	Culpeper	0.551918254583
51051	Dickenson	0.0
51053	Dinwiddie	0.505191474981
51057	Essex	0.431434551293
51059	Fairfax	0.557658215214
51061	Fauquier	0.486861178621
51063	Floyd	0.368823707138
51065	Fluvanna	0.532864441855
51067	Franklin	0.511473149623
51069	Frederick	0.516280699134
51071	Giles	0.441695078206
51073	Gloucester	0.451090698731
51075	Goochland	0.506145748673
51077	Grayson	0.453239331529
51079	Greene	0.356700127389
51081	Greensville	0.478711803911
51083	Halifax	0.503964225693
51085	Hanover	0.540460934988
51087	Henrico	0.537113119179
51089	Henry	0.452907064881
51091	Highland	0.0
51093	Isle of Wight	0.543351287282
51095	James City	0.494832231344
51097	King and Queen	0.0
51099	King George	0.285613289531
51101	King William	0.527209280987
51103	Lancaster	0.36227845244
51105	Lee	0.50989131717
51107	Loudoun	0.53050362954
51109	Louisa	0.472369617834
51111	Lunenburg	0.454159062956
51113	Madison	0.514093996693
51115	Mathews	0.693539768297
51117	Mecklenburg	0.475580124856
51119	Middlesex	0.0
51121	Montgomery	0.566005767492
48115	Dawson	0.0
51125	Nelson	0.490864110564
51127	New Kent	0.424567995178
51131	Northampton	0.552076124991
51133	Northumberland	0.487410749609
51135	Nottoway	0.520521499063
51137	Orange	0.624541348755
51139	Page	0.533411268893
51141	Patrick	0.441060502154
51143	Pittsylvania	0.426681118526
51145	Powhatan	0.476859272213
51147	Prince Edward	0.525777443136
51149	Prince George	0.488250636372
29005	Atchison	0.0
28163	Yazoo	0.396954878385
51153	Prince William	0.521690284197
2002	Mexicali, Baja California	0.680626015573
51155	Pulaski	0.561839794725
2004	Tijuana, Baja California	0.749412082869
51157	Rappahannock	0.0
51159	Richmond	0.439481596538
51161	Roanoke	0.529355969951
51163	Rockbridge	0.539785626439
51165	Rockingham	0.492030329452
51167	Russell	0.0
51169	Scott	0.617495653722
51171	Shenandoah	0.500388410601
51173	Smyth	0.543034432627
51175	Southampton	0.334057371044
51177	Spotsylvania	0.564689056655
51179	Stafford	0.538592300058
51181	Surry	0.0
51183	Sussex	0.0
51185	Tazewell	0.580978108058
51187	Warren	0.548744941555
51191	Washington	0.559888316883
51193	Westmoreland	0.521879762811
51195	Wise	0.566271593342
51197	Wythe	0.469391829921
51199	York	0.492190525355
6071	San Bernardino	0.53734143298
54083	Randolph	0.49470815302
29035	Carter	0.0
21237	Wolfe	0.0
35001	Bernalillo	0.541408117523
35005	Chaves	0.544693763301
35006	Cibola	0.599693796147
35007	Colfax	0.639897384701
35009	Curry	0.486413806742
35013	Dona Ana	0.500494009667
35015	Eddy	0.501517073353
35017	Grant	0.361390394308
35023	Hidalgo	0.0
35025	Lea	0.557331061784
35027	Lincoln	0.0
35028	Los Alamos	0.0
35029	Luna	0.41156243376
35031	McKinley	0.582779399982
35035	Otero	0.531366915209
35037	Quay	0.0
35039	Rio Arriba	0.309685594677
35041	Roosevelt	0.504162906018
35043	Sandoval	0.533387759592
35045	San Juan	0.406020518536
35047	San Miguel	0.517362127584
35049	Santa Fe	0.464201803789
35051	Sierra	0.0
35053	Socorro	0.0
35055	Taos	0.419344420276
35057	Torrance	0.0
35059	Union	0.0
35061	Valencia	0.437694340573
29059	Dallas	0.0
55003	Ashland	0.0
6079	San Luis Obispo	0.562725628139
51510	Alexandria	0.623473829206
51520	Bristol	0.539435393849
51550	Chesapeake	0.524552842753
27001	Aitkin	0.0
27003	Anoka	0.512910444908
51580	Covington	0.499658297283
27005	Becker	0.417236321382
27007	Beltrami	0.0
27009	Benton	0.515316244365
27011	Big Stone	0.0
27013	Blue Earth	0.526012796746
51590	Danville	0.488482952197
40001	Adair	0.0
27017	Carlton	0.645500420172
27019	Carver	0.555627756909
27021	Cass	0.0
27023	Chippewa	0.525843512251
27025	Chisago	0.41697452001
27027	Clay	0.522899305815
27035	Crow Wing	0.589054969762
27037	Dakota	0.5487606826
48197	Hardeman	0.0
27041	Douglas	0.569375835071
29083	Henry	0.0
51620	Franklin	0.0
27045	Fillmore	0.465322898662
54093	Tucker	0.0
27047	Freeborn	0.529523955877
27049	Goodhue	0.564534770122
40007	Beaver	0.557467162786
27053	Hennepin	0.55029574839
51630	Fredericksburg	0.413626227842
27055	Houston	0.535237278084
27057	Hubbard	0.0
27059	Isanti	0.438546163816
27061	Itasca	0.435940007171
27063	Jackson	0.562639314575
27065	Kanabec	0.0
21087	Green	0.0
27067	Kandiyohi	0.573080832324
27073	Lac qui Parle	0.0
51650	Hampton	0.517976531955
40011	Blaine	0.534277629582
27079	Le Sueur	0.374597703186
27081	Lincoln	0.0
27083	Lyon	0.53778451956
27085	McLeod	0.585061010452
48205	Hartley	0.0
27089	Marshall	0.0
27091	Martin	0.0
27093	Meeker	0.711766416315
51670	Hopewell	0.468493301132
27095	Mille Lacs	0.336961795339
27097	Morrison	0.622743478513
27099	Mower	0.508943439899
27103	Nicollet	0.465639780906
51680	Lynchburg	0.510091845929
27105	Nobles	0.622998118008
27109	Olmsted	0.62944898647
27111	Otter Tail	0.612499622311
27113	Pennington	0.0
27115	Pine	0.64966760446
27117	Pipestone	0.0
27119	Polk	0.0
27123	Ramsey	0.549722885123
51700	Newport News	0.488994462532
27127	Redwood	0.0
27129	Renville	0.0
27131	Rice	0.582668851499
27133	Rock	0.5176514279
51710	Norfolk	0.512089496803
48213	Henderson	0.552478796139
27137	St. Louis	0.524374784249
27139	Scott	0.518202442985
27141	Sherburne	0.508870270863
27143	Sibley	0.514764995524
27145	Stearns	0.533506254544
40023	Choctaw	0.503264163581
27149	Stevens	0.449957654226
27151	Swift	0.0
51730	Petersburg	0.408393306723
27155	Traverse	0.0
27157	Wabasha	0.577209188632
27159	Wadena	0.426072757616
27161	Waseca	0.0
27163	Washington	0.485990645968
51740	Portsmouth	0.500280945952
27165	Watonwan	0.233919533505
29001	Adair	0.474973065774
27167	Wilkin	0.0
27169	Winona	0.445927657193
27171	Wright	0.506686617609
27173	Yellow Medicine	0.0
48221	Hood	0.405798709578
51760	Richmond	0.549485442033
19001	Adair	0.0
48223	Hopkins	0.497721104548
19005	Allamakee	0.0
19007	Appanoose	0.0
19009	Audubon	0.0
19011	Benton	0.600207777164
19013	Black Hawk	0.540886579461
20067	Grant	0.583359058637
19015	Boone	0.431574226524
19017	Bremer	0.534855407676
19019	Buchanan	0.483012980297
19021	Buena Vista	0.55845778495
51790	Staunton	0.482838789859
19023	Butler	0.216221128215
19025	Calhoun	0.476671215358
19027	Carroll	0.559740487668
19029	Cass	0.633438536667
19031	Cedar	0.505928506649
51800	Suffolk	0.535988459585
19033	Cerro Gordo	0.50224549739
29003	Andrew	0.532363371938
19035	Cherokee	0.0
19037	Chickasaw	0.482468236477
19039	Clarke	0.393288773313
19041	Clay	0.570635241438
51810	Virginia Beach	0.526180841946
19044	Sabinas Hidalgo, Nuevo Leun	0.0
19045	Clinton	0.462320493821
19046	San Nicolas de los Garza, Nuevo Leun	0.0
19047	Crawford	0.0
19049	Dallas	0.498123774222
48231	Hunt	0.533056019405
51820	Waynesboro	0.48483752414
19053	Decatur	0.49647967327
19055	Delaware	0.548978019657
19057	Des Moines	0.497889177934
19059	Dickinson	0.764317143118
19061	Dubuque	0.55106724844
51830	Williamsburg	0.616489729986
19063	Emmet	0.380966776034
19065	Fayette	0.602241294418
19067	Floyd	0.508550563231
19069	Franklin	0.642988681782
19071	Fremont	0.563679826133
19073	Greene	0.650740640707
19075	Grundy	0.538436468755
19077	Guthrie	0.0
19079	Hamilton	0.50841197021
19081	Hancock	0.61900039462
19083	Hardin	0.530522114177
19085	Harrison	0.0
48237	Jack	0.622509770978
5037	Cross	0.0
19091	Humboldt	0.0
19093	Ida	0.0
54101	Webster	0.34534698268
19095	Iowa	0.588701273499
19097	Jackson	0.437838659433
19099	Jasper	0.0
19103	Johnson	0.54593388846
19105	Jones	0.48578580021
48373	Polk	0.419643430123
19109	Kossuth	0.664523033942
19111	Lee	0.36306018926
19113	Linn	0.532301139024
19115	Louisa	0.486352662387
19117	Lucas	0.0
19119	Lyon	0.0
19121	Madison	0.631613834976
19123	Mahaska	0.465450817676
19125	Marion	0.389597137121
19127	Marshall	0.465604698938
19129	Mills	0.0
19133	Monona	0.516938013343
19135	Monroe	0.477133782176
19137	Montgomery	0.0
2001	Ensenada, Baja California	0.639624883004
19139	Muscatine	0.508615086868
19141	O'Brien	0.0
19145	Page	0.709673155752
6093	Siskiyou	0.398063616813
19147	Palo Alto	0.0
19149	Plymouth	0.566682172514
19153	Polk	0.538185875469
54103	Wetzel	0.0
19155	Pottawattamie	0.490353703521
19157	Poweshiek	0.421121555685
19159	Ringgold	0.0
19161	Sac	0.0
19163	Scott	0.523774341642
19165	Shelby	0.547082640583
19167	Sioux	0.520584175652
19169	Story	0.502288039197
19171	Tama	0.423389536906
19173	Taylor	0.0
19175	Union	0.485062194203
48253	Jones	0.71594004482
19179	Wapello	0.387392289178
19181	Warren	0.568492485246
19183	Washington	0.759670545266
19185	Wayne	0.0
19187	Webster	0.471544469509
19189	Winnebago	0.0
19191	Winneshiek	0.482915513045
19193	Woodbury	0.500653590502
40063	Hughes	0.499643991862
19197	Wright	0.6328466536
2003	Tecate, Baja California	0.0
48257	Kaufman	0.513645835785
29143	New Madrid	0.573569216176
54105	Wirt	0.0
40067	Jefferson	0.0
47013	Campbell	0.61596531976
48261	Kenedy	0.0
5005	Baxter	0.552389053541
48265	Kerr	0.377425090903
2005	Playas de Rosarito, Baja California	0.699370746142
40075	Kiowa	0.594830834821
13239	Quitman	0.0
29155	Pemiscot	0.464724177333
47015	Cannon	0.0
40081	Lincoln	0.501964990624
48275	Knox	0.359419784281
32013	Humboldt	0.773838815654
48247	Jim Hogg	0.0
6099	Stanislaus	0.519333765026
40085	Love	0.642493202115
40087	McClain	0.556301219308
47017	Carroll	0.44175784004
48281	Lampasas	0.410327252078
46065	Hughes	0.0
40091	McIntosh	0.452168685384
32015	Lander	0.0
6101	Sutter	0.534616763034
40095	Marshall	0.568101112739
5039	Dallas	0.0
3008	Los Cabos, Baja California Sur	0.0
3009	Loreto, Baja California Sur	0.0
48289	Leon	0.486750489823
12103	Pinellas	0.539524793787
40099	Murray	0.486575445894
48293	Limestone	0.556892963274
44001	Bristol	0.480125260328
44003	Kent	0.4737675684
44005	Newport	0.536807143117
44007	Providence	0.517746784571
44009	Washington	0.527183494593
6103	Tehama	0.599443316791
40105	Nowata	0.542851649818
48299	Llano	0.66276271473
40111	Okmulgee	0.524227509725
55135	Waupaca	0.397311997297
40117	Pawnee	0.370407742107
21003	Allen	0.0
48311	McMullen	0.0
40121	Pittsburg	0.738392688265
48315	Marion	0.0
29201	Scott	0.535226161598
48317	Martin	0.0
21011	Bath	0.586277530875
29205	Shelby	0.0
40129	Roger Mills	0.0
21015	Boone	0.527523351367
48323	Maverick	0.548052846409
21017	Bourbon	0.0
48325	Medina	0.432574319777
36001	Albany	0.529001977799
36003	Allegany	0.484547804394
36005	Bronx	0.556936000715
36007	Broome	0.506529445894
36009	Cattaraugus	0.576466038885
36011	Cayuga	0.506243072785
36013	Chautauqua	0.523373772575
29213	Taney	0.549626762924
36017	Chenango	0.673054545054
36019	Clinton	0.487283605669
36021	Columbia	0.567087563264
36023	Cortland	0.542870285942
36025	Delaware	0.588166678301
36027	Dutchess	0.520634329893
36029	Erie	0.527651975309
36031	Essex	0.571414052712
48391	Refugio	0.449890010485
36033	Franklin	0.503966712119
36035	Fulton	0.481517495102
36037	Genesee	0.59681853987
36039	Greene	0.585541565233
36041	Hamilton	0.0
36043	Herkimer	0.448725141751
36045	Jefferson	0.503142757453
36047	Kings	0.598303770913
36051	Livingston	0.50439602152
36053	Madison	0.546158365164
36055	Monroe	0.515840168694
36057	Montgomery	0.545279004889
36059	Nassau	0.542697702321
36061	New York	0.625495867493
36063	Niagara	0.528952404517
36065	Oneida	0.540278151978
36067	Onondaga	0.522783802674
36069	Ontario	0.530403613289
36071	Orange	0.52994704958
36073	Orleans	0.477661016807
5041	Desha	0.0
36075	Oswego	0.447801911993
36077	Otsego	0.454344856883
36079	Putnam	0.606668205576
36081	Queens	0.577262342801
40147	Washington	0.584540323695
36085	Richmond	0.539585135295
36087	Rockland	0.511697719658
36089	St. Lawrence	0.505947493308
36091	Saratoga	0.546902068222
36093	Schenectady	0.574746293071
36095	Schoharie	0.547248900496
36097	Schuyler	0.0
36099	Seneca	0.521870605367
36101	Steuben	0.547608099277
36103	Suffolk	0.529998487143
36105	Sullivan	0.513529408777
36107	Tioga	0.51903871834
36109	Tompkins	0.522685993226
36111	Ulster	0.589888065708
36113	Warren	0.469546079323
36115	Washington	0.462651353895
36117	Wayne	0.439281128343
36119	Westchester	0.533785593618
36121	Wyoming	0.649932996406
36123	Yates	0.591346255516
6113	Yolo	0.500124352135
1059	Franklin	0.516455132885
28001	Adams	0.481628492592
28003	Alcorn	0.530570216531
28005	Amite	0.0
28007	Attala	0.441597833731
28011	Bolivar	0.483273994943
28013	Calhoun	0.0
28014	Guerrero, Tamaulipas	0.0
28015	Carroll	0.0
28017	Chickasaw	0.412457752445
28019	Choctaw	0.0
28021	Claiborne	0.462048483602
28022	Matamoros, Tamaulipas	0.0
28023	Clarke	0.56565413672
28025	Clay	0.540338554493
21119	Knott	0.414903868854
28029	Copiah	0.431328911677
28031	Covington	0.346229192497
28032	Reynosa, Tamaulipas	0.643758267513
28033	DeSoto	0.527327416773
28035	Forrest	0.488772739969
28039	George	0.0
28041	Greene	0.0
21027	Breckinridge	0.0
28043	Grenada	0.0
28045	Hancock	0.522299001959
28047	Harrison	0.484913788468
28049	Hinds	0.504687417664
28051	Holmes	0.399351945763
28053	Humphreys	0.0
6041	Marin	0.549578801233
28057	Itawamba	0.503219100141
28059	Jackson	0.496619001181
28061	Jasper	0.603004730142
28063	Jefferson	0.503395106666
28065	Jefferson Davis	0.416216418725
28067	Jones	0.410154700229
28069	Kemper	0.48799901348
28071	Lafayette	0.578136460738
28073	Lamar	0.519305079539
8027	Custer	0.0
28075	Lauderdale	0.447135452186
28077	Lawrence	0.559100766048
47005	Benton	0.497822475939
28081	Lee	0.492141071479
28083	Leflore	0.572668387737
28085	Lincoln	0.445941270818
28087	Lowndes	0.436562262332
28089	Madison	0.606325705797
28091	Marion	0.351730391827
28093	Marshall	0.0
28095	Monroe	0.452173917328
28097	Montgomery	0.495515287665
28099	Neshoba	0.469141452602
28101	Newton	0.506441333053
28103	Noxubee	0.506755857951
28105	Oktibbeha	0.50540917748
28107	Panola	0.752929294583
28109	Pearl River	0.498060843214
28111	Perry	0.31813128209
28113	Pike	0.524251770139
28115	Pontotoc	0.713450377708
28117	Prentiss	0.372113865217
28121	Rankin	0.511286767946
28123	Scott	0.314843071146
28125	Sharkey	0.0
28127	Simpson	0.490694124089
28129	Smith	0.0
28131	Stone	0.542784958185
28133	Sunflower	0.0
28135	Tallahatchie	0.380838107017
28137	Tate	0.610255936799
28139	Tippah	0.803415117045
28141	Tishomingo	0.675287194247
28143	Tunica	0.425734460903
28145	Union	0.642717061896
28149	Warren	0.608833436368
28151	Washington	0.479724142459
28153	Wayne	0.0
28155	Webster	0.0
28159	Winston	0.0
28161	Yalobusha	0.401691146208
6059	Orange	0.55490910367
48385	Real	0.0
6061	Placer	0.526138370232
48387	Red River	0.0
6063	Plumas	0.516819519413
48389	Reeves	0.576024479139
20001	Allen	0.482374179991
20003	Anderson	0.566946034127
20005	Atchison	0.581585817963
6065	Riverside	0.535500423863
20009	Barton	0.519000489207
20011	Bourbon	0.448786414813
20015	Butler	0.518653871534
20017	Chase	0.0
47027	Clay	0.0
20021	Cherokee	0.312709519269
20027	Clay	0.0
20029	Cloud	0.559720001915
47029	Cocke	0.491716939114
20033	Comanche	0.0
20035	Cowley	0.481639393155
20037	Crawford	0.547391705891
46015	Brule	0.0
20041	Dickinson	0.644766574347
20043	Doniphan	0.550400183937
20045	Douglas	0.522329346886
20047	Edwards	0.0
20051	Ellis	0.536702482681
20053	Ellsworth	0.500810377056
20055	Finney	0.534346729441
20057	Ford	0.473904501882
20059	Franklin	0.539665435328
20061	Geary	0.509387242595
47041	DeKalb	0.568523069602
47035	Cumberland	0.579086104639
20073	Greenwood	0.0
21095	Harlan	0.521487117448
13227	Pickens	0.551374101739
47037	Davidson	0.586484634273
5033	Crawford	0.572660380603
48403	Sabine	0.0
20085	Jackson	0.0
20087	Jefferson	0.0
20089	Jewell	0.425743998981
20091	Johnson	0.560103895771
20093	Kearny	0.0
20095	Kingman	0.0
20097	Kiowa	0.0
20099	Labette	0.577547273314
20103	Leavenworth	0.473647524017
20105	Lincoln	0.0
32023	Nye	0.0
20111	Lyon	0.517316172195
1085	Lowndes	0.684327093437
20113	McPherson	0.652960626317
47043	Dickson	0.503391416778
20117	Marshall	0.0
20121	Miami	0.703164513744
20123	Mitchell	0.0
20125	Montgomery	0.570049570972
47045	Dyer	0.703966518367
20133	Neosho	0.518113421506
20137	Norton	0.0
47047	Fayette	0.541844139396
5035	Crittenden	0.593862878086
20143	Ottawa	0.0
20145	Pawnee	0.52357950882
20149	Pottawatomie	0.0
20151	Pratt	0.330665423463
20155	Reno	0.543733791344
20157	Republic	0.486582457366
20159	Rice	0.500206640605
20161	Riley	0.519057826103
47051	Franklin	0.519384139693
20165	Rush	0.0
20167	Russell	0.564109750455
20169	Saline	0.49350212857
20171	Scott	0.0
20173	Sedgwick	0.522441336248
20175	Seward	0.489752107573
20177	Shawnee	0.601124623481
20179	Sheridan	0.0
20181	Sherman	0.0
20183	Smith	0.0
20185	Stafford	0.0
6095	Solano	0.513433294822
20189	Stevens	0.493397623629
20191	Sumner	0.445839814425
12001	Alachua	0.553922760156
12003	Baker	0.526417026727
12005	Bay	0.507251475661
6097	Sonoma	0.551502673695
12009	Brevard	0.531182008219
12011	Broward	0.562545747786
20205	Wilson	0.0
12015	Charlotte	0.509190273187
5099	Nevada	0.589457426251
12017	Citrus	0.520176219139
12019	Clay	0.47803305608
12021	Collier	0.566688252311
12023	Columbia	0.467169863025
12027	DeSoto	0.620948359021
12031	Duval	0.539806538175
12033	Escambia	0.476316747676
12035	Flagler	0.437887352445
12037	Franklin	0.0
12039	Gadsden	0.429062456517
53001	Adams	0.599734678878
12043	Glades	0.233288690142
53005	Benton	0.550074581612
12047	Hamilton	0.457232547181
12049	Hardee	0.378592792097
53011	Clark	0.512283331929
29007	Audrain	0.0
12053	Hernando	0.590427524922
12055	Highlands	0.538941687067
12057	Hillsborough	0.539090951943
12059	Holmes	0.537884805371
53021	Franklin	0.537771199593
12063	Jackson	0.545359932275
12065	Jefferson	0.613215741164
53027	Grays Harbor	0.498907019895
12069	Lake	0.518454930372
12071	Lee	0.559137516061
53033	King	0.622038434243
53035	Kitsap	0.532679205566
53037	Kittitas	0.52384701463
53039	Klickitat	0.0
12081	Manatee	0.565512404094
12083	Marion	0.528801995413
12085	Martin	0.523637936983
12086	Miami-Dade	0.573590226724
53047	Okanogan	0.0
12089	Nassau	0.513225088381
12091	Okaloosa	0.533095690664
53053	Pierce	0.50912818132
12095	Orange	0.580434840223
53057	Skagit	0.53431482583
12099	Palm Beach	0.557013297375
12101	Pasco	0.508379288636
53063	Spokane	0.569303021325
13283	Treutlen	0.612861832987
12105	Polk	0.544262713475
12107	Putnam	0.47632178997
12109	St. Johns	0.555648075801
12111	St. Lucie	0.508848502968
12113	Santa Rosa	0.489281390642
53075	Whitman	0.536586023644
53077	Yakima	0.490726417131
12119	Sumter	0.606286531922
12121	Suwannee	0.517830257876
12123	Taylor	0.478987250058
12125	Union	0.377714126102
12127	Volusia	0.511464066241
12129	Wakulla	0.584326199438
12131	Walton	0.604718189199
12133	Washington	0.439899726454
21143	Lyon	0.514953486068
46127	Union	0.637750185498
48415	Scurry	0.527064118127
47087	Jackson	0.0
1063	Greene	0.394613973704
4001	Apache	0.463435586115
4003	Cochise	0.54279502535
4005	Coconino	0.504274745915
4007	Gila	0.722528362604
4009	Graham	0.478673620501
4011	Greenlee	0.0
4012	La Paz	0.660505881821
4013	Maricopa	0.561162227177
4015	Mohave	0.53019121505
4017	Navajo	0.555796091113
4019	Pima	0.521509454573
4021	Pinal	0.524111854944
4023	Santa Cruz	0.595419779408
4025	Yavapai	0.550683824334
4027	Yuma	0.536058484851
8045	Garfield	0.514730958482
45001	Abbeville	0.482016151316
45003	Aiken	0.526753152976
45005	Allendale	0.582028710187
45007	Anderson	0.520204190312
45009	Bamberg	0.395735860186
45011	Barnwell	0.529502597441
45013	Beaufort	0.566878050618
45015	Berkeley	0.511459268471
5045	Faulkner	0.544282065026
45019	Charleston	0.500972418062
45021	Cherokee	0.542485527102
45023	Chester	0.497680253082
45025	Chesterfield	0.540622388092
45027	Clarendon	0.454633795993
45029	Colleton	0.462544927849
45031	Darlington	0.502059535236
45033	Dillon	0.557043171994
45035	Dorchester	0.519030234672
45037	Edgefield	0.48523956337
45039	Fairfield	0.697415356597
45041	Florence	0.519261585835
45043	Georgetown	0.431487218128
45045	Greenville	0.530487357748
45047	Greenwood	0.507819251789
45049	Hampton	0.633636091689
45051	Horry	0.507890919071
45053	Jasper	0.481143034842
45055	Kershaw	0.443250367658
45057	Lancaster	0.544286111206
45059	Laurens	0.528453192136
45061	Lee	0.808062812493
45063	Lexington	0.514579209588
45065	McCormick	0.31999999109
45067	Marion	0.422090296868
45069	Marlboro	0.501622242956
45071	Newberry	0.507547600835
45073	Oconee	0.455502325041
45075	Orangeburg	0.468981387906
45077	Pickens	0.572149437134
45079	Richland	0.530585866651
45081	Saluda	0.5774311683
45083	Spartanburg	0.512148738652
5101	Newton	0.0
45085	Sumter	0.464282317879
45087	Union	0.407037256418
45089	Williamsburg	0.532811488452
45091	York	0.527991460209
47111	Macon	0.0
5049	Fulton	0.0
53059	Skamania	0.0
5047	Franklin	0.0
37001	Alamance	0.477692526812
37003	Alexander	0.666688579713
37005	Alleghany	0.435791814749
37007	Anson	0.0
37009	Ashe	0.0
37011	Avery	0.637775236773
37013	Beaufort	0.493070073866
37015	Bertie	0.484230963572
37017	Bladen	0.54770922938
37019	Brunswick	0.613757851985
37021	Buncombe	0.570832709712
37023	Burke	0.516831887889
37025	Cabarrus	0.558285305307
37027	Caldwell	0.584840211349
37029	Camden	0.451168198707
37031	Carteret	0.557048022432
37033	Caswell	0.636045764377
37035	Catawba	0.553221114736
37037	Chatham	0.594204006996
37039	Cherokee	0.495977368605
37041	Chowan	0.642128587318
37043	Clay	0.571904778497
37045	Cleveland	0.577992701657
21193	Perry	0.533894087038
37049	Craven	0.487664061905
37051	Cumberland	0.494111943286
37053	Currituck	0.444373412891
37055	Dare	0.597866426265
37057	Davidson	0.515928164104
37059	Davie	0.530925287893
37061	Duplin	0.49094237786
37063	Durham	0.522641603652
37065	Edgecombe	0.500429942395
37067	Forsyth	0.530947648342
37069	Franklin	0.429137729516
37071	Gaston	0.511491027365
37073	Gates	0.431118710672
37075	Graham	0.462693161672
37077	Granville	0.566508902678
37079	Greene	0.631652806774
37081	Guilford	0.531553200122
37083	Halifax	0.431136033768
37085	Harnett	0.499658603707
37087	Haywood	0.700785425241
37089	Henderson	0.525868779937
37091	Hertford	0.451142281864
37093	Hoke	0.555205993587
37097	Iredell	0.560968708028
37099	Jackson	0.534106597269
37101	Johnston	0.453820084487
37103	Jones	0.378324436998
37105	Lee	0.490260894955
37107	Lenoir	0.491190315191
37109	Lincoln	0.55779834474
37111	McDowell	0.0
37113	Macon	0.677678527351
37115	Madison	0.609671503642
37117	Martin	0.451515393337
37119	Mecklenburg	0.550645294808
37121	Mitchell	0.0
37123	Montgomery	0.551365554393
37125	Moore	0.523823508816
37127	Nash	0.504686308747
37129	New Hanover	0.558117607891
21207	Russell	0.750514538674
37133	Onslow	0.523459924148
21033	Caldwell	0.655265793067
37135	Orange	0.524599043677
37137	Pamlico	0.636291967164
37139	Pasquotank	0.540256912553
37141	Pender	0.51333589897
13017	Ben Hill	0.0
37145	Person	0.467350170478
37147	Pitt	0.503161948893
37149	Polk	0.270366676595
37151	Randolph	0.539525467929
37153	Richmond	0.575484787703
37155	Robeson	0.506120171492
37157	Rockingham	0.502458613155
37159	Rowan	0.505693881465
37161	Rutherford	0.538470909859
37163	Sampson	0.518133886352
37165	Scotland	0.511234511776
37167	Stanly	0.495442078014
37169	Stokes	0.522614708542
37171	Surry	0.558988339589
37173	Swain	0.0
37175	Transylvania	0.461255739681
37177	Tyrrell	0.0
37179	Union	0.535079627964
37181	Vance	0.523250990024
37183	Wake	0.555578066592
37185	Warren	0.503719629385
37187	Washington	0.402457160189
37189	Watauga	0.532312041039
37191	Wayne	0.43773862991
37193	Wilkes	0.563565158063
37195	Wilson	0.488535149977
37197	Yadkin	0.613781553035
37199	Yancey	0.588014847737
29009	Barry	0.579393179173
29011	Barton	0.0
29013	Bates	0.0
29015	Benton	0.0
29019	Boone	0.536428926756
29021	Buchanan	0.549089984575
29023	Butler	0.483522169169
29027	Callaway	0.567893106973
29029	Camden	0.466544127494
29031	Cape Girardeau	0.449155357495
29033	Carroll	0.537984544833
21223	Trimble	0.0
29037	Cass	0.553518570664
29039	Cedar	0.0
29043	Christian	0.563457595103
29047	Clay	0.542596156746
29049	Clinton	0.0
29051	Cole	0.554106201941
29053	Cooper	0.0
29055	Crawford	0.0
29057	Dade	0.0
13035	Butts	0.52168802541
29061	Daviess	0.0
29063	DeKalb	0.0
29065	Dent	0.0
29069	Dunklin	0.465436960492
29071	Franklin	0.541721050045
49023	Juab	0.0
29077	Greene	0.520122258447
29079	Grundy	0.0
29081	Harrison	0.0
21231	Wayne	0.0
29087	Holt	0.0
29089	Howard	0.567614516556
29091	Howell	0.461366108663
29093	Iron	0.0
29095	Jackson	0.539757878727
29097	Jasper	0.522961690345
47069	Hardeman	0.511200385411
29099	Jefferson	0.499508284597
29101	Johnson	0.455787499914
29105	Laclede	0.294963895969
29107	Lafayette	0.627770764372
29109	Lawrence	0.567286429398
29111	Lewis	0.545112080169
29113	Lincoln	0.511483908639
29115	Linn	0.544059886073
29117	Livingston	0.538001429587
54005	Boone	0.522891146171
29121	Macon	0.0
53071	Walla Walla	0.597402690877
29125	Maries	0.0
29127	Marion	0.545353422149
13047	Catoosa	0.49727737043
29133	Mississippi	0.437948974626
29139	Montgomery	0.0
29141	Morgan	0.0
54009	Brooke	0.531546790064
29145	Newton	0.621732304278
29147	Nodaway	0.664384804294
29151	Osage	0.0
13051	Chatham	0.507223077136
29157	Perry	0.0
47071	Hardin	0.56365003602
29159	Pettis	0.563708004754
29161	Phelps	0.511599158539
29163	Pike	0.0
29165	Platte	0.53778049717
29167	Polk	0.539089545712
29169	Pulaski	0.472177471216
29173	Ralls	0.595274988353
29175	Randolph	0.509081917806
29179	Reynolds	0.0
29181	Ripley	0.300643193792
29183	St. Charles	0.56001954137
29186	Ste. Genevieve	0.436591059573
29187	St. Francois	0.515600926674
29189	St. Louis	0.523206014051
54017	Doddridge	0.0
21001	Adair	0.544994230134
29195	Saline	0.546411460746
21005	Anderson	0.791636766957
21007	Ballard	0.0
21009	Barren	0.763212706584
13059	Clarke	0.555981590608
21013	Bell	0.486524766277
29207	Stoddard	0.59856635357
29209	Stone	0.554168828307
21019	Boyd	0.515368943993
21021	Boyle	0.580298128825
21023	Bracken	0.643738807556
29217	Vernon	0.674259527774
29219	Warren	0.73032315731
21029	Bullitt	0.523595372126
29223	Wayne	0.509330196831
29225	Webster	0.623776620471
21035	Calloway	0.513953071551
21037	Campbell	0.55917024899
21039	Carlisle	0.32485131375
21041	Carroll	0.506710391898
21043	Carter	0.603803511468
21045	Casey	0.0
21047	Christian	0.503528287779
21049	Clark	0.509874826216
21051	Clay	0.455249610931
21053	Clinton	0.0
54027	Hampshire	0.576199829879
21061	Edmonson	0.627162931966
21065	Estill	0.581191905312
21067	Fayette	0.564678078329
21069	Fleming	0.703849386519
21071	Floyd	0.484178825018
21073	Franklin	0.569988338707
21075	Fulton	0.0
21079	Garrard	0.69895383244
21081	Grant	0.47702361254
21083	Graves	0.532602362456
21085	Grayson	0.514087912037
47075	Haywood	0.576016188112
21089	Greenup	0.461275330497
21091	Hancock	0.685384292692
21093	Hardin	0.519905747283
13073	Columbia	0.439121718724
21097	Harrison	0.502027672042
21099	Hart	0.478663077458
21101	Henderson	0.487565849994
21103	Henry	0.569798741146
21105	Hickman	0.0
21107	Hopkins	0.334878951198
5105	Perry	0.0
21109	Jackson	0.0
21111	Jefferson	0.555695874701
21113	Jessamine	0.599346307348
21115	Johnson	0.30487214627
21117	Kenton	0.540268563742
13251	Screven	0.492338770386
13077	Coweta	0.534759531999
21121	Knox	0.529538898735
21123	Larue	0.3792410952
21125	Laurel	0.52661334832
21127	Lawrence	0.66523749545
21129	Lee	0.0
21131	Leslie	0.479049899508
21133	Letcher	0.228990363097
21135	Lewis	0.0
21137	Lincoln	0.29527535496
21141	Logan	0.359175329997
54041	Lewis	0.458865637773
21145	McCracken	0.50689073295
21147	McCreary	0.39025950514
21149	McLean	0.0
21151	Madison	0.507328705906
21153	Magoffin	0.44210573478
54043	Lincoln	0.385422525924
21157	Marshall	0.44676351434
21159	Martin	0.460800616386
21161	Mason	0.54745074334
21163	Meade	0.627154273223
21165	Menifee	0.0
21167	Mercer	0.438592784173
21169	Metcalfe	0.52639662714
21171	Monroe	0.0
6051	Mono	0.365508849755
21173	Montgomery	0.57553470198
21175	Morgan	0.44996798515
21177	Muhlenberg	0.562309383206
21179	Nelson	0.522461395005
21181	Nicholas	0.0
21183	Ohio	0.549793281778
21185	Oldham	0.48355123381
21187	Owen	0.38733395162
13089	DeKalb	0.532087380761
13001	Appling	0.317035462707
21195	Pike	0.512031128679
13289	Twiggs	0.0
13005	Bacon	0.626759687441
21199	Pulaski	0.642059149772
13009	Baldwin	0.479857964773
54051	Marshall	0.445607231736
13013	Barrow	0.560776375374
13015	Bartow	0.490048274811
21209	Scott	0.570863346282
13019	Berrien	0.43249616294
13021	Bibb	0.478916513669
13023	Bleckley	0.510312290662
21217	Taylor	0.577429616508
13027	Brooks	0.619606994069
21221	Trigg	0.0
13031	Bulloch	0.496444956059
13033	Burke	0.5157710641
21227	Warren	0.491209707624
21229	Washington	0.675604017827
13039	Camden	0.516078936272
54001	Barbour	0.46686267775
54003	Berkeley	0.577537295816
13045	Carroll	0.488539757255
21239	Woodford	0.555499078833
13049	Charlton	0.620520060862
54011	Cabell	0.542556683621
13053	Chattahoochee	0.474339257885
13055	Chattooga	0.403991737148
13057	Cherokee	0.534138232996
54019	Fayette	0.500705335609
13061	Clay	0.0
13063	Clayton	0.600821075131
54025	Greenbrier	0.420480788282
13067	Cobb	0.524814453986
13069	Coffee	0.448949961518
17197	Will	0.522369944591
54033	Harrison	0.525617134554
54035	Jackson	0.53719428811
54037	Jefferson	0.518423656959
54039	Kanawha	0.530184103099
13081	Crisp	0.526765028126
13083	Dade	0.453588935413
54045	Logan	0.517847235659
13235	Pulaski	0.0
13087	Decatur	0.631204646684
54049	Marion	0.457305079035
5073	Lafayette	0.0
13091	Dodge	0.594198221924
54053	Mason	0.522797981807
13095	Dougherty	0.522569771427
13097	Douglas	0.519823896549
54059	Mingo	0.476506703362
54061	Monongalia	0.540912136808
13103	Effingham	0.567412036133
13105	Elbert	0.479571899743
54067	Nicholas	0.408086788669
54069	Ohio	0.539620871355
13111	Fannin	0.0
13113	Fayette	0.572272772115
13115	Floyd	0.496004754822
13117	Forsyth	0.580153287355
54079	Putnam	0.48497820782
54081	Raleigh	0.491088777115
39051	Fulton	0.473487707837
54085	Ritchie	0.511774051946
29510	St. Louis	0.545851832656
54087	Roane	0.689347302243
13129	Gordon	0.44655464886
54091	Taylor	0.476636457087
13133	Greene	0.443841427438
13135	Gwinnett	0.531871273943
54097	Upshur	0.432629094887
54099	Wayne	0.478798616873
13141	Hancock	0.0
13143	Haralson	0.521873935692
13145	Harris	0.440292879421
54107	Wood	0.460633816717
54109	Wyoming	0.485606574937
5075	Lawrence	0.576967042463
13151	Henry	0.529698051906
13153	Houston	0.502136897874
13155	Irwin	0.0
13157	Jackson	0.466710839521
13159	Jasper	0.0
13161	Jeff Davis	0.403021248668
13163	Jefferson	0.436646651211
13165	Jenkins	0.429383434502
13259	Stewart	0.0
54077	Preston	0.530560910237
13169	Jones	0.542824412624
13171	Lamar	0.451589134191
13175	Laurens	0.471295429023
13177	Lee	0.353872185843
13179	Liberty	0.492266923289
13181	Lincoln	0.0
13183	Long	0.429265245167
13185	Lowndes	0.515553756738
13187	Lumpkin	0.471004819632
13189	McDuffie	0.525098791565
13121	Fulton	0.533992160072
13193	Macon	0.597343713459
5002	Acuna, Coahuila de Zaragoza	0.752068266328
13195	Madison	0.451285311515
13197	Marion	0.0
5006	Castanos, Coahuila de Zaragoza	0.0
5007	Benton	0.510905053131
5009	Boone	0.702184280762
5010	Frontera, Coahuila de Zaragoza	0.666036571901
13123	Gilmer	0.651232400799
13205	Mitchell	0.489110891005
13207	Monroe	0.546430577632
13209	Montgomery	0.619577522599
5018	Monclova, Coahuila de Zaragoza	0.639538594188
5019	Clark	0.464537926525
5020	Muzquiz, Coahuila de Zaragoza	0.564065882863
13213	Murray	0.61679381165
5022	Nava, Coahuila de Zaragoza	0.318734203049
13215	Muscogee	0.511104839469
5024	Parras, Coahuila de Zaragoza	0.0
13217	Newton	0.538467814502
5027	Columbia	0.545877482986
5028	Sabinas, Coahuila de Zaragoza	0.668724864024
13221	Oglethorpe	0.0
13223	Paulding	0.525934269474
5032	San Juan de Sabinas, Coahuila de Zaragoza	0.659893007532
13225	Peach	0.560491029908
13261	Sumter	0.446568518443
13127	Glynn	0.413166001131
13229	Pierce	0.525392316176
5038	Zaragoza, Coahuila de Zaragoza	0.0
13231	Pike	0.533413770032
13233	Polk	0.475436222352
5043	Drew	0.594304967531
13237	Putnam	0.601414465354
54089	Summers	0.637443712975
13241	Rabun	0.0
46011	Brookings	0.50345566727
13245	Richmond	0.488728908037
29221	Washington	0.649264994162
13247	Rockdale	0.527813723645
5057	Hempstead	0.452768159844
5059	Hot Spring	0.49372506024
5061	Howard	0.611924523187
13255	Spalding	0.443540806301
13257	Stephens	0.465987126633
46027	Clay	0.400523935083
5069	Jefferson	0.493600143069
5071	Johnson	0.602270966645
13265	Taliaferro	0.0
39075	Holmes	0.501951050473
13269	Taylor	0.0
13271	Telfair	0.0
13273	Terrell	0.421021602996
13275	Thomas	0.513439658221
13277	Tift	0.477373749779
13279	Toombs	0.447746882058
13281	Towns	0.438987355973
5091	Miller	0.435760813391
13285	Troup	0.417589782782
13137	Habersham	0.567891471427
5097	Montgomery	0.0
13291	Union	0.41948626595
13293	Upson	0.561028722627
13295	Walker	0.601248642738
13297	Walton	0.549294208478
5053	Grant	0.427965433902
13299	Ware	0.491663050525
13301	Warren	0.499423301666
13303	Washington	0.339940140416
5113	Polk	0.581422227356
5115	Pope	0.539314624462
13309	Wheeler	0.410645224956
5119	Pulaski	0.559051939
8081	Moffat	0.0
46081	Lawrence	0.596862282122
5123	St. Francis	0.605923231503
13317	Wilkes	0.441722896923
5127	Scott	0.0
13321	Worth	0.0
5131	Sebastian	0.604971897825
5133	Sevier	0.584755452838
5135	Sharp	0.0
5137	Stone	0.447010920924
5081	Little River	0.314641573872
5139	Union	0.456131903955
46101	Moody	0.0
46103	Pennington	0.566642561187
5145	White	0.654714407491
46107	Potter	0.0
46109	Roberts	0.641079839735
46113	Shannon	0.401997300398
13147	Hart	0.546774877959
46121	Todd	0.0
46123	Tripp	0.0
46125	Turner	0.0
13149	Heard	0.0
46135	Yankton	0.525722484271
46137	Ziebach	0.376151930873
8083	Montezuma	0.0
5083	Logan	0.613422731253
13267	Tattnall	0.631489748558
39099	Mahoning	0.518856187496
38003	Barnes	0.45064908343
38007	Billings	0.0
38015	Burleigh	0.508207587134
38017	Cass	0.53586467328
38021	Dickey	0.0
38025	Dunn	0.0
5085	Lonoke	0.430190182423
38035	Grand Forks	0.561240069958
13167	Johnson	0.0
46003	Aurora	0.0
38049	McHenry	0.0
38053	McKenzie	0.0
38057	Mercer	0.0
38059	Morton	0.0
38061	Mountrail	0.0
47033	Crockett	0.0
38073	Ransom	0.0
38077	Richland	0.524810280489
40003	Alfalfa	0.0
38085	Sioux	0.394961783697
38089	Stark	0.608829578198
5109	Pike	0.0
38093	Stutsman	0.530488094148
38097	Traill	0.0
38099	Walsh	0.0
46005	Beadle	0.559683727559
20007	Barber	0.0
28027	Nuevo Laredo, Tamaulipas	0.565984025907
5089	Marion	0.0
46007	Bennett	0.0
13191	McIntosh	0.0
30001	Beaverhead	0.0
30003	Big Horn	0.0
5001	Arkansas	0.54841491853
30009	Carbon	0.0
39135	Preble	0.605931964805
30013	Cascade	0.0
30017	Custer	0.0
5003	Ashley	0.408270298166
30023	Deer Lodge	0.0
30029	Flathead	0.0
30031	Gallatin	0.554203295293
13199	Meriwether	0.475808762799
30045	Judith Basin	0.0
30049	Lewis and Clark	0.56364525709
30051	Liberty	0.0
13201	Miller	0.614019454828
30057	Madison	0.694811537783
30063	Missoula	0.669176455722
5011	Bradley	0.0
40009	Beckham	0.594024070553
30073	Pondera	0.0
49011	Davis	0.56684649339
29119	McDonald	0.0
5013	Calhoun	0.0
30081	Ravalli	0.0
30083	Richland	0.0
48193	Hamilton	0.0
30087	Rosebud	0.0
30089	Sanders	0.0
5015	Carroll	0.0
30093	Silver Bow	0.470020389951
30097	Sweet Grass	0.0
5017	Chicot	0.490743671785
30111	Yellowstone	0.527113113199
13211	Morgan	0.425763769552
5021	Clay	0.555297846587
5095	Monroe	0.0
5023	Cleburne	0.0
5025	Piedras Negras, Coahuila de Zaragoza	0.741036137448
13219	Oconee	0.58379242302
5029	Conway	0.0
5031	Craighead	0.560150453407
21191	Pendleton	0.51664267592
22001	Acadia	0.514459057685
22003	Allen	0.530988644123
22005	Ascension	0.531885667639
22007	Assumption	0.472418654782
22009	Avoyelles	0.517019162105
22011	Beauregard	0.437066041252
22013	Bienville	0.510276545136
22015	Bossier	0.492991621299
22017	Caddo	0.482772489202
22019	Calcasieu	0.500089792607
22021	Caldwell	0.0
22023	Cameron	0.428014968622
22025	Catahoula	0.0
22027	Claiborne	0.482912935667
22029	Concordia	0.518095227525
22031	De Soto	0.514656654707
22033	East Baton Rouge	0.494334782513
39171	Williams	0.51790337679
22037	East Feliciana	0.427464199372
22039	Evangeline	0.501136884622
22041	Franklin	0.0
38105	Williams	0.0
22043	Grant	0.572375825876
22045	Iberia	0.47267520286
22047	Iberville	0.465469120563
22049	Jackson	0.49311247914
22051	Jefferson	0.522919912458
22053	Jefferson Davis	0.444452893099
22055	Lafayette	0.492498211316
22057	Lafourche	0.505169644325
22059	La Salle	0.568186494401
22061	Lincoln	0.517249033487
46083	Lincoln	0.621262072414
22063	Livingston	0.550540713113
22065	Madison	0.429877795896
22067	Morehouse	0.39615301423
22069	Natchitoches	0.451962018531
22071	Orleans	0.50802917346
22073	Ouachita	0.503229931697
22075	Plaquemines	0.423547781145
22077	Pointe Coupee	0.640060578227
22079	Rapides	0.525215642805
22081	Red River	0.419303209909
22083	Richland	0.0
22085	Sabine	0.52582692289
22087	St. Bernard	0.486926389752
22089	St. Charles	0.477961255293
22091	St. Helena	0.473778484511
22093	St. James	0.479615439657
22095	St. John the Baptist	0.469886808846
22097	St. Landry	0.465506574887
22099	St. Martin	0.540227738167
22101	St. Mary	0.47453257738
13011	Banks	0.588309612512
22103	St. Tammany	0.554016451499
22105	Tangipahoa	0.491289995223
22109	Terrebonne	0.489097574875
22111	Union	0.450249078483
22113	Vermilion	0.459251142591
5051	Garland	0.597445418854
22117	Washington	0.501199703311
22119	Webster	0.4358336785
22121	West Baton Rouge	0.520058669118
22123	West Carroll	0.0
22125	West Feliciana	0.0
46013	Brown	0.493762063328
5055	Greene	0.54349163138
20075	Hamilton	0.0
46019	Butte	0.0
20079	Harvey	0.517725684009
13253	Seminole	0.0
21197	Powell	0.0
31003	Antelope	0.397900325118
5103	Ouachita	0.53590853103
5063	Independence	0.503085666531
5065	Izard	0.0
5067	Jackson	0.254839269895
46029	Codington	0.557846169987
42047	Elk	0.550691251504
55001	Adams	0.0
13263	Talbot	0.0
55005	Barron	0.0
55007	Bayfield	0.0
55009	Brown	0.516727937616
55011	Buffalo	0.653722634933
55013	Burnett	0.0
55015	Calumet	0.736008206081
55017	Chippewa	0.581963267167
55019	Clark	0.486900239788
55021	Columbia	0.661864124747
55023	Crawford	0.604665690862
55025	Dane	0.574258296942
55027	Dodge	0.386447099688
55029	Door	0.0
46023	Charles Mix	0.0
55031	Douglas	0.496506166823
55033	Dunn	0.475863963081
55035	Eau Claire	0.534735939007
55037	Florence	0.0
55039	Fond du Lac	0.563380143269
55041	Forest	0.0
55043	Grant	0.515621542397
55045	Green	0.363858519298
55047	Green Lake	0.0
55049	Iowa	0.0
5079	Lincoln	0.0
55053	Jackson	0.0
55055	Jefferson	0.548684246695
55057	Juneau	0.616904972306
55059	Kenosha	0.514355708073
55061	Kewaunee	0.0
55063	La Crosse	0.570489146207
55065	Lafayette	0.0
55067	Langlade	0.0
55069	Lincoln	0.0
55071	Manitowoc	0.511326055681
55073	Marathon	0.467402339298
55075	Marinette	0.567963884288
55079	Milwaukee	0.517140637227
55081	Monroe	0.469580766082
48207	Haskell	0.0
55083	Oconto	0.0
55085	Oneida	0.0
55087	Outagamie	0.585745313603
55089	Ozaukee	0.58984460346
55093	Pierce	0.588945375251
55095	Polk	0.0
55097	Portage	0.543700587635
55099	Price	0.0
55101	Racine	0.476914117632
55105	Rock	0.472340596098
20107	Linn	0.0
55109	St. Croix	0.56600148807
55111	Sauk	0.577147345179
55113	Sawyer	0.0
55115	Shawano	0.470145345186
55117	Sheboygan	0.496080346079
55119	Taylor	0.0
55121	Trempealeau	0.481649636161
55123	Vernon	0.47711282452
21203	Rockcastle	0.608210516912
55127	Walworth	0.612869635254
55129	Washburn	0.0
55131	Washington	0.435211946913
49027	Millard	0.0
55133	Waukesha	0.585513963692
5093	Mississippi	0.500224916981
55139	Winnebago	0.526173348451
55141	Wood	0.0
48209	Hays	0.560268900316
13287	Turner	0.0
6001	Alameda	0.553998871428
20115	Marion	0.578335018133
6005	Amador	0.612098017829
6007	Butte	0.519004279388
6009	Calaveras	0.608555793602
6011	Colusa	0.570293696468
6013	Contra Costa	0.578701833471
6015	Del Norte	0.527772944776
6017	El Dorado	0.611732157835
6019	Fresno	0.533815439306
6021	Glenn	0.550108162088
6023	Humboldt	0.548775822318
6025	Imperial	0.491745997401
6027	Inyo	0.786756196572
6029	Kern	0.519428480299
6031	Kings	0.509835062016
6033	Lake	0.526351337909
21205	Rowan	0.539691924486
6035	Lassen	0.686784551707
6037	Los Angeles	0.569117129278
6039	Madera	0.549539082797
49029	Morgan	0.0
47001	Anderson	0.564926432197
47003	Bedford	0.552445280765
6045	Mendocino	0.581592041392
47007	Bledsoe	0.0
47009	Blount	0.511948523268
48211	Hemphill	0.0
47011	Bradley	0.488416911818
6053	Monterey	0.531400082475
6055	Napa	0.577415339792
6057	Nevada	0.388039409989
47019	Carter	0.563923803311
47021	Cheatham	0.474620485021
47023	Chester	0.576036839012
47025	Claiborne	0.553901401827
6067	Sacramento	0.54733549174
6069	San Benito	0.465544021998
47031	Coffee	0.549291890801
6073	San Diego	0.568210949953
6075	San Francisco	0.628668561226
6077	San Joaquin	0.507356357854
47039	Decatur	0.0
6081	San Mateo	0.565104202038
6083	Santa Barbara	0.495141819879
6085	Santa Clara	0.55414947046
6087	Santa Cruz	0.544936369348
6089	Shasta	0.524070710407
5111	Poinsett	0.653938111034
47053	Gibson	0.536701140709
13243	Randolph	0.291293218488
47055	Giles	0.633619187156
47057	Grainger	0.650767953597
47059	Greene	0.51138419989
47061	Grundy	0.596196194817
47063	Hamblen	0.528487645503
47065	Hamilton	0.510206928693
6107	Tulare	0.515482834995
6109	Tuolumne	0.419199325286
6111	Ventura	0.572761231058
47073	Hawkins	0.540860802453
6115	Yuba	0.508929341084
47077	Henderson	0.542973939236
46031	Corson	0.0
47079	Henry	0.540313661965
47081	Hickman	0.0
47083	Houston	0.0
47085	Humphreys	0.652924776789
5117	Prairie	0.0
47089	Jefferson	0.530901489579
47091	Johnson	0.0
13025	Brantley	0.535633227173
47093	Knox	0.546834544492
47095	Lake	0.0
47097	Lauderdale	0.446475516594
47099	Lawrence	0.594050935473
47101	Lewis	0.6096815018
47103	Lincoln	0.541977604017
47105	Loudon	0.515701330721
47107	McMinn	0.479100802789
47109	McNairy	0.783610359609
13313	Whitfield	0.53184152782
47113	Madison	0.489882342136
47115	Marion	0.545187001258
47117	Marshall	0.550383627473
47119	Maury	0.452462289852
47121	Meigs	0.472431955737
47123	Monroe	0.550281305839
47125	Montgomery	0.544573249212
47127	Moore	0.0
47129	Morgan	0.462753719769
47131	Obion	0.585947407998
47133	Overton	0.0
5125	Saline	0.482781486393
47139	Polk	0.441129636873
47141	Putnam	0.572438411955
47143	Rhea	0.481570706323
47145	Roane	0.475552169592
47147	Robertson	0.408897132494
47149	Rutherford	0.549763930256
47151	Scott	0.546432711275
47153	Sequatchie	0.0
47155	Sevier	0.586258232589
47157	Shelby	0.569654793051
47159	Smith	0.580939769438
47161	Stewart	0.560446031676
47163	Sullivan	0.601245783533
47165	Sumner	0.613950433409
47167	Tipton	0.578293250237
47169	Trousdale	0.0
47171	Unicoi	0.447599759359
47173	Union	0.575716198837
21211	Shelby	0.488411125137
40033	Cotton	0.0
47177	Warren	0.433386965809
47179	Washington	0.516751922754
49035	Salt Lake	0.539263012377
47181	Wayne	0.0
47183	Weakley	0.527800858522
47185	White	0.304279791754
47187	Williamson	0.609170422806
47189	Wilson	0.576672189117
39001	Adams	0.673702156068
39003	Allen	0.483650709209
39005	Ashland	0.558354589207
46035	Davison	0.612846515058
39007	Ashtabula	0.46362291475
39009	Athens	0.560018224235
39011	Auglaize	0.457433441579
39013	Belmont	0.48834658092
39015	Brown	0.520927002027
39017	Butler	0.538792908994
39019	Carroll	0.497625065072
39021	Champaign	0.539499283007
29229	Wright	0.0
39023	Clark	0.484406456488
39025	Clermont	0.538167556139
39027	Clinton	0.502705669117
39029	Columbiana	0.480437952705
39031	Coshocton	0.489052822991
39033	Crawford	0.52002823765
39035	Cuyahoga	0.534018693412
39037	Darke	0.5207871167
39039	Defiance	0.599842088618
39041	Delaware	0.598005181023
21213	Simpson	0.532275597793
39043	Erie	0.521060179873
39045	Fairfield	0.594546449049
39047	Fayette	0.410782766996
49037	San Juan	0.0
39049	Franklin	0.552964626404
1047	Dallas	0.483299755966
39053	Gallia	0.467997223492
39055	Geauga	0.553099980417
39057	Greene	0.518262363671
48219	Hockley	0.561256035842
39059	Guernsey	0.428552252629
39061	Hamilton	0.518288383557
1049	DeKalb	0.430675846171
39065	Hardin	0.488819914074
46037	Day	0.0
39067	Harrison	0.0
39069	Henry	0.522117640727
21155	Marion	0.420522563574
39071	Highland	0.486661764548
39073	Hocking	0.0
42011	Berks	0.532686219977
39077	Huron	0.493203267678
39079	Jackson	0.558400052443
39081	Jefferson	0.542101914762
39083	Knox	0.486307278725
39085	Lake	0.558956803821
39087	Lawrence	0.516950251811
39089	Licking	0.526454172377
39091	Logan	0.589432683161
39093	Lorain	0.514018440543
39095	Lucas	0.503007119266
39097	Madison	0.480436213064
1055	Etowah	0.465610095993
39101	Marion	0.574169115652
21215	Spencer	0.515688727606
39103	Medina	0.509339139355
39105	Meigs	0.532569597917
39107	Mercer	0.553281290181
5121	Randolph	0.0
39109	Miami	0.534937606024
39111	Monroe	0.610355595451
39113	Montgomery	0.512823525127
39115	Morgan	0.574395355726
39117	Morrow	0.397778181411
39119	Muskingum	0.589907472449
39121	Noble	0.0
39123	Ottawa	0.524117276797
39125	Paulding	0.484902459955
39127	Perry	0.408397167011
39129	Pickaway	0.514580113141
39131	Pike	0.568079580655
39133	Portage	0.529248305114
42021	Cambria	0.516105873262
39137	Putnam	0.634093199198
39139	Richland	0.544017724173
39141	Ross	0.541730371918
39143	Sandusky	0.464560057803
39145	Scioto	0.439270713818
39147	Seneca	0.461049658779
39149	Shelby	0.459460687787
39151	Stark	0.502599795319
39153	Summit	0.509119396993
39155	Trumbull	0.52578838754
39157	Tuscarawas	0.554235278398
39159	Union	0.556035235066
39161	Van Wert	0.606749304199
39163	Vinton	0.0
39165	Warren	0.548129764097
39167	Washington	0.43766464913
39169	Wayne	0.510191624013
1067	Henry	0.258072516813
39173	Wood	0.493984505135
39175	Wyandot	0.694226409744
42029	Chester	0.530617829324
46041	Dewey	0.0
31001	Adams	0.565087071389
1071	Jackson	0.509640262573
20127	Morris	0.0
31011	Boone	0.0
31013	Box Butte	0.381333099694
42033	Clearfield	0.459248261986
31017	Brown	0.0
31019	Buffalo	0.501804150494
31021	Burt	0.0
31023	Butler	0.0
31025	Cass	0.591571377836
31027	Cedar	0.484752871078
31029	Chase	0.0
40041	Delaware	0.543624612247
31033	Cheyenne	0.0
31037	Colfax	0.0
1077	Lauderdale	0.516699682052
31043	Dakota	0.468322139113
31045	Dawes	0.548111322804
31047	Dawson	0.605207161812
42039	Crawford	0.416337153904
31053	Dodge	0.517361879242
31055	Douglas	0.548856189012
1081	Lee	0.536705674728
31065	Furnas	0.0
31067	Gage	0.421557842539
31071	Garfield	0.0
1083	Limestone	0.518953058119
31079	Hall	0.518014564333
47135	Perry	0.0
31081	Hamilton	0.0
12007	Bradford	0.529084462532
31087	Hitchcock	0.0
31093	Howard	0.0
20201	Washington	0.0
8061	Kiowa	0.0
31097	Johnson	0.0
31099	Kearney	0.0
31101	Keith	0.0
31105	Kimball	0.0
31107	Knox	0.0
31109	Lancaster	0.562773455827
31111	Lincoln	0.522600920199
31119	Madison	0.483711155548
31121	Merrick	0.505951294319
42051	Fayette	0.481062708968
31125	Nance	0.0
31127	Nemaha	0.646532828248
31129	Nuckolls	0.0
31131	Otoe	0.0
42053	Forest	0.0
31137	Phelps	0.0
31139	Pierce	0.0
31141	Platte	0.704854528064
20209	Wyandotte	0.541377114227
31145	Red Willow	0.0
42055	Franklin	0.519499713234
31151	Saline	0.0
31153	Sarpy	0.513076472079
31155	Saunders	0.45693621602
31157	Scotts Bluff	0.562360742992
31159	Seward	0.415791001926
27039	Dodge	0.382463270548
31167	Stanton	0.0
42059	Greene	0.523129793567
31173	Thurston	0.461725568612
46047	Fall River	0.0
31177	Washington	0.639640002471
31179	Wayne	0.501787448034
42061	Huntingdon	0.49204137807
31185	York	0.645655869232
27043	Faribault	0.0
23001	Androscoggin	0.560631791
42063	Indiana	0.522169784599
23005	Cumberland	0.539213838216
23007	Franklin	0.63647417796
23009	Hancock	0.551542686147
23011	Kennebec	0.485466945612
23013	Knox	0.608247536901
1105	Perry	0.459204007556
23017	Oxford	0.487544275448
23019	Penobscot	0.521990629692
23023	Sagadahoc	0.606004873431
23025	Somerset	0.522139563729
23027	Waldo	0.636675672323
23029	Washington	0.794346861244
23031	York	0.523641194171
37047	Columbus	0.551471740944
42069	Lackawanna	0.549051243699
13315	Wilcox	0.0
31147	Richardson	0.0
55051	Iron	0.0
1111	Randolph	0.486597662323
42073	Lawrence	0.534344943073
42075	Lebanon	0.514524363269
1041	Crenshaw	0.423652113116
1117	Shelby	0.564571055448
12041	Gilchrist	0.0
1119	Sumter	0.553935307844
1121	Talladega	0.555686960022
13029	Bryan	0.458770981954
12045	Gulf	0.434365240205
42083	McKean	0.487258435753
53007	Chelan	0.0
1125	Tuscaloosa	0.538022186438
53009	Clallam	0.0
42087	Mifflin	0.595590893861
12051	Hendry	0.444615807305
1129	Washington	0.496618802213
13319	Wilkinson	0.0
53013	Columbia	0.0
1131	Wilcox	0.547237762011
20139	Osage	0.0
53015	Cowlitz	0.542805788555
1133	Winston	0.0
31051	Dixon	0.0
40053	Grant	0.0
12061	Indian River	0.508015081814
40035	Craig	0.532205901813
56001	Albany	0.496792027179
56003	Big Horn	0.0
56005	Campbell	0.613474537865
53025	Grant	0.5529970653
56009	Converse	0.0
56013	Fremont	0.544293366302
56015	Goshen	0.472020672315
56017	Hot Springs	0.0
12067	Lafayette	0.0
56021	Laramie	0.548685647964
56023	Lincoln	0.0
56025	Natrona	0.587645499175
40055	Greer	0.0
56029	Park	0.0
56031	Platte	0.343874108721
56033	Sheridan	0.726837604841
56037	Sweetwater	0.492349792266
56039	Teton	0.757877266044
48239	Jackson	0.474021819989
12073	Leon	0.553641093489
12075	Levy	0.403019847912
12077	Liberty	0.0
21235	Whitley	0.530010361303
12079	Madison	0.0
23003	Aroostook	0.473957551716
53041	Lewis	0.521030197703
53043	Lincoln	0.0
53045	Mason	0.0
12087	Monroe	0.0
40059	Harper	0.0
53049	Pacific	0.0
5143	Washington	0.56869571666
23015	Lincoln	0.0
12093	Okeechobee	0.498055177437
48001	Anderson	0.559150908427
48003	Andrews	0.0
48005	Angelina	0.585086713013
12097	Osceola	0.569204669653
1053	Escambia	0.392707796232
48013	Atascosa	0.497564365359
48015	Austin	0.621103955844
48017	Bailey	0.0
48019	Bandera	0.315040330793
48021	Bastrop	0.505470953503
48023	Baylor	0.0
48025	Bee	0.452670209195
48027	Bell	0.488990823981
48029	Bexar	0.534050241257
53061	Snohomish	0.53311295142
48035	Bosque	0.249898696898
48037	Bowie	0.465930880959
48039	Brazoria	0.527169015158
48041	Brazos	0.528738690889
48043	Brewster	0.458763050579
48045	Briscoe	0.0
48047	Brooks	0.452967091643
48049	Brown	0.565305126407
48051	Burleson	0.518689590111
48053	Burnet	0.532296847219
48055	Caldwell	0.620380493417
48057	Calhoun	0.509711487834
48059	Callahan	0.0
48061	Cameron	0.506115035938
48063	Camp	0.561364786761
48065	Carson	0.0
53067	Thurston	0.495858334467
48069	Castro	0.0
48071	Chambers	0.444577421814
48073	Cherokee	0.550141558991
48075	Childress	0.0
48077	Clay	0.539178802295
53069	Wahkiakum	0.0
5147	Woodruff	0.0
48083	Coleman	0.634853843033
48417	Shackelford	0.0
48085	Collin	0.560484345683
48087	Collingsworth	0.0
48089	Colorado	0.460689628673
48091	Comal	0.589566672509
48097	Cooke	0.592530270406
48099	Coryell	0.456537877846
53073	Whatcom	0.432794204372
48107	Crosby	0.0
48111	Dallam	0.0
48113	Dallas	0.538565861758
12115	Sarasota	0.574039073575
48117	Deaf Smith	0.443751082909
48119	Delta	0.0
48121	Denton	0.546710053119
48123	DeWitt	0.377050826221
12117	Seminole	0.556780526018
48129	Donley	0.0
31063	Frontier	0.0
48131	Duval	0.474121114319
48133	Eastland	0.557799379385
48135	Ector	0.525785085997
48139	Ellis	0.55337730804
48141	El Paso	0.534561060451
48143	Erath	0.516537324952
48145	Falls	0.0
48147	Fannin	0.516583148336
48149	Fayette	0.451497256764
48151	Fisher	0.0
48153	Floyd	0.0
48157	Fort Bend	0.533536055
48159	Franklin	0.0
48161	Freestone	0.562786744202
48163	Frio	0.440631318722
48165	Gaines	0.43997318135
48167	Galveston	0.528666024732
48169	Garza	0.0
48171	Gillespie	0.662866824224
13305	Wayne	0.518493691039
48173	Glasscock	0.0
48175	Goliad	0.440339172253
48177	Gonzales	0.442549149816
48179	Gray	0.0
48181	Grayson	0.529623120556
48183	Gregg	0.552525142597
48185	Grimes	0.652569639629
48187	Guadalupe	0.496804403693
48189	Hale	0.483851256898
48191	Hall	0.0
8032	Hidalgo del Parral, Chihuahua	0.0
27147	Steele	0.559172880712
40005	Atoka	0.441200897436
48199	Hardin	0.546193724917
48201	Harris	0.537511133033
48203	Harrison	0.470932823268
40013	Bryan	0.525565857062
40015	Caddo	0.55820635985
40017	Canadian	0.572367098058
40019	Carter	0.458693282875
40021	Cherokee	0.520076197639
48215	Hidalgo	0.48504465116
48217	Hill	0.473373728065
36083	Rensselaer	0.508467436825
40027	Cleveland	0.501917792309
40029	Coal	0.0
40031	Comanche	0.468311774066
48225	Houston	0.488977357627
48227	Howard	0.531536103367
40037	Creek	0.607647074869
40039	Custer	0.453026044076
48233	Hutchinson	0.314680426686
48235	Irion	0.0
40045	Ellis	0.504777501095
40047	Garfield	0.608375818381
40049	Garvin	0.513374381364
40051	Grady	0.490155967554
48245	Jefferson	0.540840998149
49001	Beaver	0.0
48249	Jim Wells	0.463153227024
48251	Johnson	0.564368042326
40061	Haskell	0.564337201608
48255	Karnes	0.477912911815
40065	Jackson	0.625923443035
48259	Kendall	0.557938476172
40069	Johnston	0.467481614806
40071	Kay	0.642814762803
1057	Fayette	0.0
40073	Kingfisher	0.605859575549
51735	Poquoson	0.40961968255
40077	Latimer	0.0
40079	Le Flore	0.450756231589
48273	Kleberg	0.463876289521
40083	Logan	0.542247796389
48277	Lamar	0.513729729769
48279	Lamb	0.318397334988
40089	McCurtain	0.54082615747
48283	La Salle	0.431723022715
40093	Major	0.0
48287	Lee	0.559820167035
40097	Mayes	0.608368326273
48291	Liberty	0.451074884404
40101	Muskogee	0.495137764952
40103	Noble	0.527969303827
48297	Live Oak	0.0
40107	Okfuskee	0.0
13065	Clinch	0.404330705746
40109	Oklahoma	0.540058366957
48303	Lubbock	0.56904727526
40113	Osage	0.541225168434
40115	Ottawa	0.460516222265
48309	McLennan	0.563705776704
40119	Payne	0.556761306224
42057	Fulton	0.798702807504
48313	Madison	0.522254003665
40123	Pontotoc	0.566583941588
40125	Pottawatomie	0.513709113932
40127	Pushmataha	0.0
48321	Matagorda	0.455155073469
46055	Haakon	0.0
40131	Rogers	0.543299959278
40133	Seminole	0.347117087379
40135	Sequoyah	0.595959164216
40137	Stephens	0.447534850176
48331	Milam	0.638801983759
40141	Tillman	0.0
40143	Tulsa	0.523975016189
40145	Wagoner	0.525297448005
48339	Montgomery	0.543588998974
48341	Moore	0.0
48343	Morris	0.499204750674
40153	Woodward	0.550813115493
48347	Nacogdoches	0.532482575307
48349	Navarro	0.511854906578
48351	Newton	0.0
48353	Nolan	0.0
48355	Nueces	0.511824078689
48357	Ochiltree	0.0
48361	Orange	0.530549088293
48363	Palo Pinto	0.520561011877
48365	Panola	0.529044449243
48367	Parker	0.520072484944
48369	Parmer	0.0
48371	Pecos	0.562937127959
1065	Hale	0.484949351534
48375	Potter	0.422872948536
48377	Presidio	0.0
48379	Rains	0.483063459178
48381	Randall	0.521822977585
48383	Reagan	0.0
32001	Churchill	0.553662627346
32003	Clark	0.570535183023
32005	Douglas	0.485262704959
32007	Elko	0.480866484116
48395	Robertson	0.0880765892414
48397	Rockwall	0.532253544126
46075	Jones	0.0
48401	Rusk	0.583963942689
32019	Lyon	0.470497874936
48405	San Augustine	0.0
48407	San Jacinto	0.500139166208
48409	San Patricio	0.465849053252
32027	Pershing	0.0
32029	Storey	0.770785814664
32031	Washoe	0.52191726926
32033	White Pine	0.0
48419	Shelby	0.746066866475
48421	Sherman	0.0
48423	Smith	0.527531366057
48425	Somervell	0.499462977572
48427	Starr	0.494467180103
48429	Stephens	0.742406717884
48435	Sutton	0.0
48439	Tarrant	0.528543685963
48441	Taylor	0.527399877114
48445	Terry	0.0
48449	Titus	0.512479176895
48451	Tom Green	0.513385108667
48453	Travis	0.559216982371
48455	Trinity	0.661169327049
48457	Tyler	0.0
48459	Upshur	0.314261145551
48461	Upton	0.0
48463	Uvalde	0.519889383189
48465	Val Verde	0.538481906379
48467	Van Zandt	0.424607452067
48469	Victoria	0.502780885354
20163	Rooks	0.516923379498
48471	Walker	0.531770747562
48473	Waller	0.5163178519
48475	Ward	0.573638979903
48477	Washington	0.441907380157
48479	Webb	0.554210573616
13071	Colquitt	0.621399106803
48481	Wharton	0.513571734209
48483	Wheeler	0.596105515514
48485	Wichita	0.517731147352
48487	Wilbarger	0.486010002635
48489	Willacy	0.432720177069
48491	Williamson	0.531742811224
48493	Wilson	0.348985728515
48495	Winkler	0.0
48497	Wise	0.555439535119
48499	Wood	0.429664232061
48501	Yoakum	0.0
48503	Young	0.776388543258
48505	Zapata	0.480640158367
48507	Zavala	0.55345064527
8085	Montrose	0.418539864563
46079	Lake	0.524462611739
49047	Uintah	0.0
40149	Washita	0.0
8089	Otero	0.549627116355
8091	Ouray	0.0
8093	Park	0.0
24001	Allegany	0.477692973091
24003	Anne Arundel	0.524297528716
24005	Baltimore	0.534900430374
8097	Pitkin	0.598607389373
24009	Calvert	0.46745642889
24011	Caroline	0.49152897978
24013	Carroll	0.485657145123
24015	Cecil	0.54242878138
24017	Charles	0.505030487948
24019	Dorchester	0.552273864179
24021	Frederick	0.525633091989
24023	Garrett	0.640374722608
13075	Cook	0.396375182563
24025	Harford	0.539898428351
24027	Howard	0.550633093435
24029	Kent	0.364093413793
24031	Montgomery	0.548901087215
24033	Prince George's	0.530303286993
24035	Queen Anne's	0.523224578516
24037	St. Mary's	0.487680569269
24039	Somerset	0.563453126238
24041	Talbot	0.539068569543
24043	Washington	0.501577641681
24045	Wicomico	0.470518783111
24047	Worcester	0.689482843239
28079	Leake	0.0
54007	Braxton	0.0
47175	Van Buren	0.0
21219	Todd	0.512427002583
46085	Lyman	0.0
13079	Crawford	0.404721447402
31083	Harlan	0.0
16001	Ada	0.523709738709
19051	Villaldama, Nuevo Leun	0.0
16005	Bannock	0.565763610719
16007	Bear Lake	0.0
16011	Bingham	0.475179094172
16013	Blaine	0.0
16019	Bonneville	0.603441566664
16027	Canyon	0.501960231849
16039	Elmore	0.0
16041	Franklin	0.0
16043	Fremont	0.0
16045	Gem	0.0
16047	Gooding	0.455374007101
16049	Idaho	0.0
16053	Jerome	0.579451056202
16055	Kootenai	0.557007425548
16057	Latah	0.486391574982
16065	Madison	0.611113161865
16067	Minidoka	0.0
16069	Nez Perce	0.689704612499
16075	Payette	0.408457146981
16077	Power	0.0
16079	Shoshone	0.0
16081	Teton	0.0
16083	Twin Falls	0.845310876446
16085	Valley	0.857965602521
16087	Washington	0.0
54063	Monroe	0.772187065281
46115	Spink	0.0
46091	Marshall	0.0
13037	Calhoun	0.0
32510	Carson City	0.420321476587
13085	Dawson	0.548960821736
45017	Calhoun	0.0
46093	Meade	0.0
8001	Adams	0.51161918918
8003	Alamosa	0.747748436182
8005	Arapahoe	0.504944593542
8007	Archuleta	0.0
8011	Camargo, Chihuahua	0.0
8013	Boulder	0.603718788524
8015	Chaffee	0.0
8017	Cheyenne	0.615569713198
8019	Chihuahua, Chihuahua	0.651698007036
8021	Conejos	0.0
8024	Santa Isabel, Chihuahua	0.0
19087	Henry	0.482453998676
8029	Delta	0.0
8031	Denver	0.564337137473
42003	Allegheny	0.53610047558
8035	Douglas	0.585685760067
8037	Juarez, Chihuahua	0.614683609084
8041	El Paso	0.524002766958
49003	Box Elder	0.665135594935
49005	Cache	0.567130961069
8047	Gilpin	0.0
8049	Grand	0.586706188401
8050	Nuevo Casas Grandes, Chihuahua	0.0
8051	Gunnison	0.545330292448
8052	Ojinaga, Chihuahua	0.0
49013	Duchesne	0.0
8055	Huerfano	0.0
49017	Garfield	0.0
8059	Jefferson	0.563202649005
49021	Iron	0.574453604822
8063	Kit Carson	0.0
8067	La Plata	0.531793325832
8069	Larimer	0.551732829391
8071	Las Animas	0.683802545696
8073	Lincoln	0.0
8075	Logan	0.571984698321
8077	Mesa	0.530913371689
49039	Sanpete	0.525017906436
49041	Sevier	0.0
49043	Summit	0.525149905372
49045	Tooele	0.441538237966
8087	Morgan	0.0
49049	Utah	0.561697112777
49051	Wasatch	0.630765493398
42005	Armstrong	0.727877753731
49053	Washington	0.518392442819
49055	Wayne	0.0
49057	Weber	0.5309498572
8099	Prowers	0.457220904699
8101	Pueblo	0.472945347467
8105	Rio Grande	0.517165206776
8107	Routt	0.459554973734
13311	White	0.642893868261
8113	San Miguel	0.0
8117	Summit	0.59508988696
8123	Weld	0.583797926215
8125	Yuma	0.0
24510	Baltimore	0.508215984952
1089	Madison	0.523883199901
19107	Keokuk	0.0
46099	Minnehaha	0.522521615385
13093	Dooly	0.0
1075	No Data	0
2013	No Data	0
2016	No Data	0
2020	No Data	0
2050	No Data	0
2060	No Data	0
2068	No Data	0
2070	No Data	0
2090	No Data	0
2100	No Data	0
2110	No Data	0
2122	No Data	0
2130	No Data	0
2150	No Data	0
2164	No Data	0
2170	No Data	0
2180	No Data	0
2185	No Data	0
2188	No Data	0
2201	No Data	0
2220	No Data	0
2232	No Data	0
2240	No Data	0
2261	No Data	0
2270	No Data	0
2280	No Data	0
2282	No Data	0
2290	No Data	0
5087	No Data	0
5129	No Data	0
5141	No Data	0
5149	No Data	0
6003	No Data	0
6049	No Data	0
6091	No Data	0
6105	No Data	0
8009	No Data	0
8014	No Data	0
8023	No Data	0
8025	No Data	0
8033	No Data	0
8039	No Data	0
8053	No Data	0
8057	No Data	0
8065	No Data	0
8079	No Data	0
8095	No Data	0
8103	No Data	0
8109	No Data	0
8111	No Data	0
8115	No Data	0
8119	No Data	0
8121	No Data	0
12029	No Data	0
13003	No Data	0
13007	No Data	0
13173	No Data	0
13249	No Data	0
13307	No Data	0
15001	No Data	0
15003	No Data	0
15007	No Data	0
15009	No Data	0
16003	No Data	0
16009	No Data	0
16015	No Data	0
16017	No Data	0
16021	No Data	0
16023	No Data	0
16025	No Data	0
16029	No Data	0
16031	No Data	0
16033	No Data	0
16035	No Data	0
16037	No Data	0
16051	No Data	0
16059	No Data	0
16061	No Data	0
16063	No Data	0
16071	No Data	0
16073	No Data	0
17009	No Data	0
17013	No Data	0
17065	No Data	0
17069	No Data	0
17071	No Data	0
17079	No Data	0
17087	No Data	0
17123	No Data	0
17151	No Data	0
17153	No Data	0
17155	No Data	0
18007	No Data	0
18115	No Data	0
19003	No Data	0
19043	No Data	0
19089	No Data	0
19101	No Data	0
19131	No Data	0
19143	No Data	0
19151	No Data	0
19177	No Data	0
20013	No Data	0
20019	No Data	0
20023	No Data	0
20025	No Data	0
20039	No Data	0
20049	No Data	0
20063	No Data	0
20065	No Data	0
20069	No Data	0
20071	No Data	0
20077	No Data	0
20081	No Data	0
20083	No Data	0
20101	No Data	0
20109	No Data	0
20119	No Data	0
20129	No Data	0
20131	No Data	0
20135	No Data	0
20141	No Data	0
20147	No Data	0
20153	No Data	0
20187	No Data	0
20195	No Data	0
20197	No Data	0
20203	No Data	0
20207	No Data	0
21031	No Data	0
21055	No Data	0
21057	No Data	0
21063	No Data	0
21077	No Data	0
21139	No Data	0
21189	No Data	0
21201	No Data	0
21233	No Data	0
22035	No Data	0
22107	No Data	0
23021	No Data	0
26001	No Data	0
26051	No Data	0
26071	No Data	0
26083	No Data	0
26131	No Data	0
26135	No Data	0
27029	No Data	0
27031	No Data	0
27033	No Data	0
27069	No Data	0
27071	No Data	0
27075	No Data	0
27077	No Data	0
27087	No Data	0
27101	No Data	0
27107	No Data	0
27121	No Data	0
27125	No Data	0
27135	No Data	0
27153	No Data	0
28009	No Data	0
28037	No Data	0
28055	No Data	0
28119	No Data	0
28147	No Data	0
28157	No Data	0
29017	No Data	0
29025	No Data	0
29041	No Data	0
29045	No Data	0
29067	No Data	0
29073	No Data	0
29075	No Data	0
29085	No Data	0
29103	No Data	0
29123	No Data	0
29129	No Data	0
29131	No Data	0
29135	No Data	0
29137	No Data	0
29149	No Data	0
29153	No Data	0
29171	No Data	0
29177	No Data	0
29185	No Data	0
29197	No Data	0
29199	No Data	0
29211	No Data	0
29227	No Data	0
30005	No Data	0
30007	No Data	0
30011	No Data	0
30015	No Data	0
30019	No Data	0
30021	No Data	0
30025	No Data	0
30027	No Data	0
30033	No Data	0
30035	No Data	0
30037	No Data	0
30039	No Data	0
30041	No Data	0
30043	No Data	0
30047	No Data	0
30053	No Data	0
30055	No Data	0
30059	No Data	0
30061	No Data	0
30065	No Data	0
30067	No Data	0
30069	No Data	0
30071	No Data	0
30077	No Data	0
30079	No Data	0
30085	No Data	0
30091	No Data	0
30095	No Data	0
30099	No Data	0
30101	No Data	0
30103	No Data	0
30105	No Data	0
30107	No Data	0
30109	No Data	0
31005	No Data	0
31007	No Data	0
31009	No Data	0
31015	No Data	0
31031	No Data	0
31035	No Data	0
31039	No Data	0
31041	No Data	0
31049	No Data	0
31057	No Data	0
31059	No Data	0
31061	No Data	0
31069	No Data	0
31073	No Data	0
31075	No Data	0
31077	No Data	0
31085	No Data	0
31089	No Data	0
31091	No Data	0
31095	No Data	0
31103	No Data	0
31113	No Data	0
31115	No Data	0
31117	No Data	0
31123	No Data	0
31133	No Data	0
31135	No Data	0
31143	No Data	0
31149	No Data	0
31161	No Data	0
31163	No Data	0
31165	No Data	0
31169	No Data	0
31171	No Data	0
31175	No Data	0
31181	No Data	0
31183	No Data	0
32009	No Data	0
32011	No Data	0
32017	No Data	0
32021	No Data	0
35003	No Data	0
35011	No Data	0
35019	No Data	0
35021	No Data	0
35033	No Data	0
36049	No Data	0
37095	No Data	0
38001	No Data	0
38005	No Data	0
38009	No Data	0
38011	No Data	0
38013	No Data	0
38019	No Data	0
38023	No Data	0
38027	No Data	0
38029	No Data	0
38031	No Data	0
38033	No Data	0
38037	No Data	0
38039	No Data	0
38041	No Data	0
38043	No Data	0
38045	No Data	0
38047	No Data	0
38051	No Data	0
38055	No Data	0
38063	No Data	0
38065	No Data	0
38067	No Data	0
38069	No Data	0
38071	No Data	0
38075	No Data	0
38079	No Data	0
38081	No Data	0
38083	No Data	0
38087	No Data	0
38091	No Data	0
38095	No Data	0
38101	No Data	0
38103	No Data	0
40025	No Data	0
40043	No Data	0
40057	No Data	0
41023	No Data	0
41025	No Data	0
41063	No Data	0
41069	No Data	0
42113	No Data	0
46009	No Data	0
46017	No Data	0
46021	No Data	0
46025	No Data	0
46033	No Data	0
46039	No Data	0
46043	No Data	0
46045	No Data	0
46049	No Data	0
46051	No Data	0
46053	No Data	0
46057	No Data	0
46059	No Data	0
46061	No Data	0
46063	No Data	0
46067	No Data	0
46069	No Data	0
46071	No Data	0
46073	No Data	0
46077	No Data	0
46087	No Data	0
46089	No Data	0
46095	No Data	0
46097	No Data	0
46105	No Data	0
46111	No Data	0
46117	No Data	0
46119	No Data	0
46129	No Data	0
47049	No Data	0
47067	No Data	0
47137	No Data	0
48009	No Data	0
48011	No Data	0
48031	No Data	0
48033	No Data	0
48079	No Data	0
48081	No Data	0
48093	No Data	0
48095	No Data	0
48101	No Data	0
48103	No Data	0
48105	No Data	0
48109	No Data	0
48125	No Data	0
48137	No Data	0
48155	No Data	0
48195	No Data	0
48243	No Data	0
48263	No Data	0
48267	No Data	0
48269	No Data	0
48271	No Data	0
48285	No Data	0
48295	No Data	0
48301	No Data	0
48305	No Data	0
48307	No Data	0
48319	No Data	0
48333	No Data	0
48345	No Data	0
48359	No Data	0
48393	No Data	0
48399	No Data	0
48411	No Data	0
48413	No Data	0
48431	No Data	0
48433	No Data	0
48437	No Data	0
48443	No Data	0
48447	No Data	0
49007	No Data	0
49009	No Data	0
49015	No Data	0
49019	No Data	0
49025	No Data	0
49031	No Data	0
49033	No Data	0
51021	No Data	0
51049	No Data	0
51515	No Data	0
51530	No Data	0
51540	No Data	0
51570	No Data	0
51595	No Data	0
51600	No Data	0
51610	No Data	0
51640	No Data	0
51660	No Data	0
51678	No Data	0
51683	No Data	0
51685	No Data	0
51690	No Data	0
51720	No Data	0
51750	No Data	0
51770	No Data	0
51775	No Data	0
51840	No Data	0
53003	No Data	0
53017	No Data	0
53019	No Data	0
53023	No Data	0
53029	No Data	0
53031	No Data	0
53051	No Data	0
53055	No Data	0
53065	No Data	0
54013	No Data	0
54015	No Data	0
54095	No Data	0
55077	No Data	0
55078	No Data	0
55091	No Data	0
55103	No Data	0
55107	No Data	0
55125	No Data	0
55137	No Data	0
56007	No Data	0
56011	No Data	0
56019	No Data	0
56027	No Data	0
56035	No Data	0
56041	No Data	0
56043	No Data	0
56045	No Data	0
72001	No Data	0
72003	No Data	0
72005	No Data	0
72007	No Data	0
72009	No Data	0
72011	No Data	0
72013	No Data	0
72015	No Data	0
72017	No Data	0
72019	No Data	0
72021	No Data	0
72023	No Data	0
72025	No Data	0
72027	No Data	0
72029	No Data	0
72031	No Data	0
72033	No Data	0
72035	No Data	0
72037	No Data	0
72039	No Data	0
72041	No Data	0
72043	No Data	0
72045	No Data	0
72047	No Data	0
72049	No Data	0
72051	No Data	0
72053	No Data	0
72054	No Data	0
72055	No Data	0
72057	No Data	0
72059	No Data	0
72061	No Data	0
72063	No Data	0
72065	No Data	0
72067	No Data	0
72069	No Data	0
72071	No Data	0
72073	No Data	0
72075	No Data	0
72077	No Data	0
72079	No Data	0
72081	No Data	0
72083	No Data	0
72085	No Data	0
72087	No Data	0
72089	No Data	0
72091	No Data	0
72093	No Data	0
72095	No Data	0
72097	No Data	0
72099	No Data	0
72101	No Data	0
72103	No Data	0
72105	No Data	0
72107	No Data	0
72109	No Data	0
72111	No Data	0
72113	No Data	0
72115	No Data	0
72117	No Data	0
72119	No Data	0
72121	No Data	0
72123	No Data	0
72125	No Data	0
72127	No Data	0
72129	No Data	0
72131	No Data	0
72133	No Data	0
72135	No Data	0
72137	No Data	0
72139	No Data	0
72141	No Data	0
72143	No Data	0
72145	No Data	0
72147	No Data	0
72149	No Data	0
72151	No Data	0
72153	No Data	0